week,ending on,BE,BG,CZ,DK,DE,EE,EL,ES,FR,IE,IT,CY,LV,LT,LU,HR,HU,MT,NL,AT,PL,PT,RO,SI,SK,FI,SE,,,,,,,,,,,,,,,,,,,,,,,,,,,,,,,,,,
1,05-01-14,0,90,75,0,91,0,0,0,93,103,83,0,81,0,0,0,71,0,76,0,0,70,0,0,92,0,126,,,,,,,,,,,,,,,,,,,,,,,,,,,,,,,,,,
2,12-01-14,0,94,79,0,91,0,0,0,94,0,83,0,79,0,0,0,71,0,78,0,0,70,0,0,94,0,0,,,,,,,,,,,,,,,,,,,,,,,,,,,,,,,,,,
3,19-01-14,0,94,78,0,93,115,0,71,94,98,83,0,0,0,0,0,77,0,80,0,0,70,0,0,90,0,0,,,,,,,,,,,,,,,,,,,,,,,,,,,,,,,,,,
4,26-01-14,0,100,82,0,141,0,0,72,94,0,83,0,0,0,0,0,75,0,0,0,0,0,0,0,83,0,0,,,,,,,,,,,,,,,,,,,,,,,,,,,,,,,,,,
5,02-02-14,0,100,83,0,93,89,0,73,94,97,85,0,0,0,0,0,70,0,84,0,0,65,0,0,92,0,127,,,,,,,,,,,,,,,,,,,,,,,,,,,,,,,,,,
6,09-02-14,0,100,83,0,0,92,0,74,94,102,87,0,0,0,0,0,0,0,84,0,0,70,0,0,94,0,126,,,,,,,,,,,,,,,,,,,,,,,,,,,,,,,,,,
7,16-02-14,0,100,80,0,93,115,0,76,95,98,87,0,85,0,0,0,75,0,0,0,0,68,0,0,95,0,127,,,,,,,,,,,,,,,,,,,,,,,,,,,,,,,,,,
8,23-02-14,0,100,84,0,93,98,0,76,96,129,87,0,0,0,0,0,0,0,81,0,91,75,0,0,93,0,0,,,,,,,,,,,,,,,,,,,,,,,,,,,,,,,,,,
9,02-03-14,0,100,87,0,93,113,0,77,96,100,90,0,86,0,0,0,79,0,87,0,0,75,0,96,94,0,127,,,,,,,,,,,,,,,,,,,,,,,,,,,,,,,,,,
10,09-03-14,0,100,90,0,93,0,0,82,96,124,93,0,0,0,0,0,82,0,90,0,0,75,0,0,98,0,126,,,,,,,,,,,,,,,,,,,,,,,,,,,,,,,,,,
11,16-03-14,0,102,91,0,93,106,0,86,100,102,95,0,94,0,0,0,88,0,96,0,103,75,0,0,101,0,127,,,,,,,,,,,,,,,,,,,,,,,,,,,,,,,,,,
12,23-03-14,0,102,94,0,93,84,0,86,102,101,98,0,97,0,0,0,90,0,98,0,0,75,0,0,105,0,127,,,,,,,,,,,,,,,,,,,,,,,,,,,,,,,,,,
13,30-03-14,0,102,98,0,93,0,0,87,104,102,98,0,99,0,0,0,0,0,98,0,110,75,0,0,103,0,126,,,,,,,,,,,,,,,,,,,,,,,,,,,,,,,,,,
14,06-04-14,0,107,102,0,93,0,0,87,103,103,98,0,95,0,0,0,0,0,94,0,110,75,0,0,113,0,0,,,,,,,,,,,,,,,,,,,,,,,,,,,,,,,,,,
15,13-04-14,0,107,98,0,93,0,0,87,104,102,98,0,99,0,0,0,0,0,98,0,110,75,0,0,103,0,125,,,,,,,,,,,,,,,,,,,,,,,,,,,,,,,,,,
16,20-04-14,0,107,102,0,93,0,0,87,103,103,98,0,95,0,0,0,0,0,94,0,110,75,0,0,113,0,125,,,,,,,,,,,,,,,,,,,,,,,,,,,,,,,,,,
17,27-04-14,0,0,91,0,0,0,0,88,102,104,103,0,93,0,0,0,99,0,81,0,0,0,0,0,107,0,0,,,,,,,,,,,,,,,,,,,,,,,,,,,,,,,,,,
18,04-05-14,0,0,87,0,102,0,0,88,100,101,100,0,92,0,0,0,99,0,80,0,93,75,0,0,108,0,0,,,,,,,,,,,,,,,,,,,,,,,,,,,,,,,,,,
19,11-05-14,0,0,80,0,96,91,0,85,99,99,95,0,0,0,0,0,94,0,80,0,0,75,0,0,93,0,123,,,,,,,,,,,,,,,,,,,,,,,,,,,,,,,,,,
20,18-05-14,0,0,74,0,104,98,0,76,99,100,90,0,78,0,0,0,95,0,78,0,0,75,0,0,95,0,0,,,,,,,,,,,,,,,,,,,,,,,,,,,,,,,,,,
21,25-05-14,0,0,76,0,99,0,0,75,98,103,85,0,78,0,0,0,80,0,74,0,0,75,0,0,88,0,0,,,,,,,,,,,,,,,,,,,,,,,,,,,,,,,,,,
22,01-06-14,0,0,76,0,99,82,0,73,98,99,85,0,80,0,0,0,79,0,76,0,0,75,0,0,89,0,0,,,,,,,,,,,,,,,,,,,,,,,,,,,,,,,,,,
23,08-06-14,0,0,76,0,99,85,0,73,95,100,78,0,76,0,0,0,78,0,70,0,0,75,0,0,91,0,125,,,,,,,,,,,,,,,,,,,,,,,,,,,,,,,,,,
24,15-06-14,0,0,69,0,99,85,0,72,91,0,78,0,75,0,0,0,0,0,68,0,0,75,0,73,90,0,125,,,,,,,,,,,,,,,,,,,,,,,,,,,,,,,,,,
25,22-06-14,0,0,72,0,99,103,0,0,89,0,78,0,0,0,0,0,0,0,62,0,0,75,0,0,78,0,0,,,,,,,,,,,,,,,,,,,,,,,,,,,,,,,,,,
26,29-06-14,0,0,69,0,93,0,0,73,89,96,78,0,0,0,0,0,0,0,65,0,0,75,0,68,75,0,125,,,,,,,,,,,,,,,,,,,,,,,,,,,,,,,,,,
27,06-07-14,0,93,62,0,93,81,0,71,89,99,77,0,74,0,0,0,71,0,62,0,69,71,0,0,80,0,125,,,,,,,,,,,,,,,,,,,,,,,,,,,,,,,,,,
28,13-07-14,0,92,64,0,93,79,0,71,89,98,76,0,0,0,0,0,62,0,65,0,67,66,0,66,78,0,120,,,,,,,,,,,,,,,,,,,,,,,,,,,,,,,,,,
29,20-07-14,0,92,0,0,93,90,0,0,89,101,76,0,67,0,0,0,0,0,0,0,0,67,0,0,71,0,121,,,,,,,,,,,,,,,,,,,,,,,,,,,,,,,,,,
30,27-07-14,0,92,65,0,93,78,0,0,89,100,76,0,65,0,0,0,71,0,64,0,0,65,0,0,67,0,0,,,,,,,,,,,,,,,,,,,,,,,,,,,,,,,,,,
31,03-08-14,0,92,69,0,93,79,0,67,89,99,83,0,65,0,0,0,67,0,60,0,0,65,0,0,67,0,0,,,,,,,,,,,,,,,,,,,,,,,,,,,,,,,,,,
32,10-08-14,0,93,72,0,93,85,0,69,90,98,83,0,66,0,0,0,66,0,64,0,77,63,0,0,67,0,120,,,,,,,,,,,,,,,,,,,,,,,,,,,,,,,,,,
33,17-08-14,0,93,75,0,93,97,0,63,91,100,83,0,76,0,0,0,74,0,74,0,0,62,0,0,81,0,121,,,,,,,,,,,,,,,,,,,,,,,,,,,,,,,,,,
34,24-08-14,0,92,76,0,93,0,0,72,92,100,84,0,0,0,0,0,0,0,78,0,0,62,0,0,87,0,125,,,,,,,,,,,,,,,,,,,,,,,,,,,,,,,,,,
35,31-08-14,0,92,83,0,91,0,0,80,94,101,87,0,0,0,0,0,0,0,78,0,0,62,0,0,89,0,125,,,,,,,,,,,,,,,,,,,,,,,,,,,,,,,,,,
36,07-09-14,0,94,80,0,91,0,0,77,93,100,93,0,0,0,0,0,85,0,85,0,0,64,0,0,77,0,0,,,,,,,,,,,,,,,,,,,,,,,,,,,,,,,,,,
37,14-09-14,0,95,90,0,91,0,0,87,98,99,93,0,0,0,0,0,88,0,86,0,98,67,0,0,85,0,120,,,,,,,,,,,,,,,,,,,,,,,,,,,,,,,,,,
38,21-09-14,0,97,90,0,93,0,0,85,98,99,93,0,0,0,0,0,84,0,89,0,96,72,0,0,97,0,121,,,,,,,,,,,,,,,,,,,,,,,,,,,,,,,,,,
39,28-09-14,0,102,94,0,96,0,0,87,100,103,94,0,0,0,0,0,86,0,84,0,0,80,0,0,97,0,120,,,,,,,,,,,,,,,,,,,,,,,,,,,,,,,,,,
40,05-10-14,0,102,87,0,0,0,0,85,100,104,94,0,0,0,0,0,88,0,80,0,0,80,0,0,96,0,125,,,,,,,,,,,,,,,,,,,,,,,,,,,,,,,,,,
41,12-10-14,0,102,83,0,0,0,0,82,100,101,88,0,0,0,0,0,78,0,80,0,74,80,0,0,89,0,125,,,,,,,,,,,,,,,,,,,,,,,,,,,,,,,,,,
42,19-10-14,0,105,82,0,0,0,0,82,99,101,88,0,77,0,0,0,74,0,76,0,73,80,0,0,101,0,125,,,,,,,,,,,,,,,,,,,,,,,,,,,,,,,,,,
43,26-10-14,0,105,78,0,0,0,0,80,98,99,88,0,80,0,0,0,80,0,73,0,82,75,0,0,93,0,125,,,,,,,,,,,,,,,,,,,,,,,,,,,,,,,,,,
44,02-11-14,0,105,78,0,0,0,0,80,97,104,88,0,0,0,0,0,75,0,75,0,0,72,0,0,85,0,125,,,,,,,,,,,,,,,,,,,,,,,,,,,,,,,,,,
45,09-11-14,0,105,75,0,0,0,0,80,96,103,85,0,0,0,0,0,76,0,75,0,0,72,0,0,95,0,125,,,,,,,,,,,,,,,,,,,,,,,,,,,,,,,,,,
46,16-11-14,0,105,75,0,93,78,0,81,96,102,80,0,0,0,0,0,77,0,73,0,0,72,0,0,86,0,125,,,,,,,,,,,,,,,,,,,,,,,,,,,,,,,,,,
47,23-11-14,0,105,75,0,100,81,0,78,96,103,80,0,0,0,0,0,74,0,70,0,0,69,0,0,74,0,0,,,,,,,,,,,,,,,,,,,,,,,,,,,,,,,,,,
48,30-11-14,0,105,71,0,93,0,0,77,95,103,78,0,71,0,0,0,68,0,70,0,66,69,0,0,78,0,125,,,,,,,,,,,,,,,,,,,,,,,,,,,,,,,,,,
49,07-12-14,0,105,82,0,93,0,0,0,95,102,78,0,70,0,0,0,63,0,72,0,73,69,0,0,83,0,125,,,,,,,,,,,,,,,,,,,,,,,,,,,,,,,,,,
50,14-12-14,0,105,76,0,0,0,0,74,94,102,78,0,68,0,0,0,72,0,68,0,70,69,0,0,85,0,125,,,,,,,,,,,,,,,,,,,,,,,,,,,,,,,,,,
51,21-12-14,0,105,78,0,0,0,0,74,94,0,75,0,70,0,0,0,67,0,68,0,0,67,0,0,86,0,0,,,,,,,,,,,,,,,,,,,,,,,,,,,,,,,,,,
52,28-12-14,0,105,78,0,0,0,0,74,94,0,75,0,70,0,0,0,67,0,68,0,0,67,0,0,86,0,0,,,,,,,,,,,,,,,,,,,,,,,,,,,,,,,,,,
1,04-01-15,0,105,75,0,0,0,0,0,94,106,77,0,0,0,0,0,0,0,70,0,0,67,0,0,83,0,0,,,,,,,,,,,,,,,,,,,,,,,,,,,,,,,,,,
2,11-01-15,0,105,80,0,102,0,0,0,94,104,77,0,0,0,0,0,77,0,76,0,0,70,0,0,82,0,0,,,,,,,,,,,,,,,,,,,,,,,,,,,,,,,,,,
3,18-01-15,0,105,72,0,102,0,0,69,96,102,83,0,0,0,0,0,78,0,76,0,0,72,0,0,85,0,126,,,,,,,,,,,,,,,,,,,,,,,,,,,,,,,,,,
4,25-01-15,0,105,93,0,0,0,0,0,99,99,87,0,0,0,0,0,85,0,80,0,0,75,0,0,85,0,119,,,,,,,,,,,,,,,,,,,,,,,,,,,,,,,,,,
5,01-02-15,0,107,92,0,105,0,0,0,100,105,95,0,0,0,0,0,88,0,80,0,0,80,0,0,103,0,120,,,,,,,,,,,,,,,,,,,,,,,,,,,,,,,,,,
6,08-02-15,0,111,97,0,108,0,0,0,103,103,95,0,0,0,0,0,93,0,97,0,0,82,0,0,106,0,118,,,,,,,,,,,,,,,,,,,,,,,,,,,,,,,,,,
7,15-02-15,0,133,109,0,0,0,0,0,104,100,97,0,0,0,0,0,97,0,97,0,0,85,0,0,103,0,117,,,,,,,,,,,,,,,,,,,,,,,,,,,,,,,,,,
8,22-02-15,0,133,109,0,0,0,0,0,104,100,97,0,0,0,0,0,97,0,97,0,0,85,0,0,103,0,117,,,,,,,,,,,,,,,,,,,,,,,,,,,,,,,,,,
9,01-03-15,0,133,109,0,112,0,0,0,106,100,103,0,0,0,0,0,100,0,96,0,0,85,0,0,106,0,121,,,,,,,,,,,,,,,,,,,,,,,,,,,,,,,,,,
10,08-03-15,0,133,106,0,112,0,0,0,109,99,103,0,0,0,0,0,101,0,97,0,0,85,0,0,113,0,122,,,,,,,,,,,,,,,,,,,,,,,,,,,,,,,,,,
11,15-03-15,0,133,106,0,112,0,0,0,109,107,103,0,0,0,0,0,100,0,97,0,0,85,0,0,111,0,122,,,,,,,,,,,,,,,,,,,,,,,,,,,,,,,,,,
12,22-03-15,0,133,104,0,0,0,0,88,109,100,103,0,99,0,0,0,0,0,97,0,0,85,0,0,110,0,120,,,,,,,,,,,,,,,,,,,,,,,,,,,,,,,,,,
13,29-03-15,0,133,101,0,0,0,0,89,110,109,103,0,102,0,0,0,0,0,97,0,0,85,0,0,102,0,120,,,,,,,,,,,,,,,,,,,,,,,,,,,,,,,,,,
14,05-04-15,0,133,103,0,0,109,0,90,110,105,103,0,100,0,0,0,0,0,97,0,0,92,0,0,107,0,126,,,,,,,,,,,,,,,,,,,,,,,,,,,,,,,,,,
15,12-04-15,0,133,99,0,112,108,0,90,110,107,100,0,100,0,0,0,0,0,95,0,0,92,0,0,105,0,126,,,,,,,,,,,,,,,,,,,,,,,,,,,,,,,,,,
16,19-04-15,0,133,94,0,112,108,0,90,110,103,100,0,0,0,0,0,0,0,83,0,0,92,0,0,101,0,126,,,,,,,,,,,,,,,,,,,,,,,,,,,,,,,,,,
17,26-04-15,0,133,93,0,0,114,0,89,106,106,0,0,0,0,0,0,94,0,86,0,0,92,0,0,94,0,126,,,,,,,,,,,,,,,,,,,,,,,,,,,,,,,,,,
18,03-05-15,0,133,91,0,0,112,0,86,102,0,100,0,0,0,0,0,0,0,86,0,0,92,0,0,97,0,126,,,,,,,,,,,,,,,,,,,,,,,,,,,,,,,,,,
19,10-05-15,0,128,93,0,0,0,0,83,101,105,97,0,0,0,0,0,0,0,78,0,0,92,0,0,93,0,126,,,,,,,,,,,,,,,,,,,,,,,,,,,,,,,,,,
20,17-05-15,0,128,86,0,0,0,0,81,100,103,97,0,0,0,0,0,0,0,74,0,0,92,0,0,84,0,126,,,,,,,,,,,,,,,,,,,,,,,,,,,,,,,,,,
21,24-05-15,0,125,84,0,0,99,0,80,101,102,93,0,0,0,0,0,0,0,76,0,0,92,0,0,78,0,126,,,,,,,,,,,,,,,,,,,,,,,,,,,,,,,,,,
22,31-05-15,0,123,84,0,0,94,0,79,99,103,90,0,77,0,0,0,0,0,80,0,0,92,0,0,82,0,126,,,,,,,,,,,,,,,,,,,,,,,,,,,,,,,,,,
23,07-06-15,0,123,83,0,0,0,0,79,98,102,90,0,80,0,0,0,0,0,83,0,88,92,0,0,85,0,126,,,,,,,,,,,,,,,,,,,,,,,,,,,,,,,,,,
24,14-06-15,0,123,85,0,113,90,0,78,97,0,88,0,81,0,0,0,0,0,84,0,0,0,0,0,96,0,126,,,,,,,,,,,,,,,,,,,,,,,,,,,,,,,,,,
25,21-06-15,0,119,86,0,111,90,0,76,96,0,0,0,74,0,0,0,0,0,84,0,0,0,0,0,92,0,122,,,,,,,,,,,,,,,,,,,,,,,,,,,,,,,,,,
26,28-06-15,0,118,87,0,0,95,0,72,96,101,88,0,73,0,0,0,0,0,75,0,0,0,0,0,85,0,126,,,,,,,,,,,,,,,,,,,,,,,,,,,,,,,,,,
27,05-07-15,0,118,84,0,0,102,0,70,96,103,86,0,82,0,0,0,0,0,74,0,0,0,0,0,86,0,126,,,,,,,,,,,,,,,,,,,,,,,,,,,,,,,,,,
28,12-07-15,0,118,76,0,0,92,0,68,91,103,85,0,0,0,0,0,0,0,74,0,0,0,0,0,85,0,0,,,,,,,,,,,,,,,,,,,,,,,,,,,,,,,,,,
29,19-07-15,0,118,80,0,0,0,0,0,91,102,80,0,0,0,0,0,0,0,65,0,0,0,0,0,82,0,0,,,,,,,,,,,,,,,,,,,,,,,,,,,,,,,,,,
30,26-07-15,0,117,72,0,106,108,0,68,89,0,75,0,0,0,0,0,0,0,65,0,0,0,0,0,84,0,0,,,,,,,,,,,,,,,,,,,,,,,,,,,,,,,,,,
31,02-08-15,0,115,73,0,106,0,0,66,89,102,75,0,0,0,0,0,0,0,63,0,0,0,0,0,81,0,118,,,,,,,,,,,,,,,,,,,,,,,,,,,,,,,,,,
32,09-08-15,0,110,70,0,106,0,0,66,92,102,75,0,0,0,0,0,72,0,48,0,68,0,0,0,66,0,119,,,,,,,,,,,,,,,,,,,,,,,,,,,,,,,,,,
33,16-08-15,0,110,67,0,106,0,0,66,95,103,75,0,0,0,0,0,0,0,52,0,56,0,0,0,78,0,119,,,,,,,,,,,,,,,,,,,,,,,,,,,,,,,,,,
34,23-08-15,0,108,66,0,106,0,0,67,93,102,75,0,0,0,0,0,0,0,52,0,69,0,0,0,75,0,126,,,,,,,,,,,,,,,,,,,,,,,,,,,,,,,,,,
35,30-08-15,0,107,69,0,106,0,0,66,93,102,75,0,57,0,0,0,0,0,74,0,0,0,0,0,75,0,126,,,,,,,,,,,,,,,,,,,,,,,,,,,,,,,,,,
36,06-09-15,0,107,69,0,0,0,0,70,94,102,80,0,56,0,0,0,0,0,75,0,0,0,0,0,59,0,126,,,,,,,,,,,,,,,,,,,,,,,,,,,,,,,,,,
37,13-09-15,0,107,68,0,106,0,0,70,93,102,82,0,55,0,0,0,0,0,76,0,0,0,0,0,69,0,125,,,,,,,,,,,,,,,,,,,,,,,,,,,,,,,,,,
38,20-09-15,0,107,83,0,0,0,0,78,96,106,85,0,0,0,0,0,0,0,80,0,0,0,0,0,89,0,120,,,,,,,,,,,,,,,,,,,,,,,,,,,,,,,,,,
39,27-09-15,0,107,83,0,0,0,0,78,96,106,85,0,0,0,0,0,75,0,75,0,0,0,0,0,96,0,116,,,,,,,,,,,,,,,,,,,,,,,,,,,,,,,,,,
40,04-10-15,0,107,82,0,0,0,0,79,96,105,85,0,0,0,0,0,78,0,72,0,0,0,0,0,79,0,126,,,,,,,,,,,,,,,,,,,,,,,,,,,,,,,,,,
41,11-10-15,0,107,79,0,0,0,0,80,96,104,85,0,0,0,0,0,0,0,72,0,0,0,0,0,95,0,126,,,,,,,,,,,,,,,,,,,,,,,,,,,,,,,,,,
42,18-10-15,0,107,71,0,0,0,0,83,96,104,85,0,70,0,0,0,0,0,72,0,0,0,0,0,83,0,126,,,,,,,,,,,,,,,,,,,,,,,,,,,,,,,,,,
43,25-10-15,0,107,71,0,108,0,0,84,96,0,85,0,0,0,0,0,68,0,61,0,73,0,0,0,85,0,126,,,,,,,,,,,,,,,,,,,,,,,,,,,,,,,,,,
44,01-11-15,0,107,72,0,0,0,0,75,96,104,85,0,0,0,0,0,0,0,59,0,0,0,0,0,81,0,120,,,,,,,,,,,,,,,,,,,,,,,,,,,,,,,,,,
45,08-11-15,0,107,71,0,107,0,0,76,92,104,0,0,0,0,0,0,0,0,61,0,0,0,0,0,76,0,119,,,,,,,,,,,,,,,,,,,,,,,,,,,,,,,,,,
46,15-11-15,0,107,69,0,0,0,0,78,89,0,75,0,0,0,0,0,0,0,59,0,0,0,0,0,75,0,126,,,,,,,,,,,,,,,,,,,,,,,,,,,,,,,,,,
47,22-11-15,0,98,69,0,0,0,0,71,89,0,77,0,59,0,0,0,0,0,67,0,0,0,0,0,75,0,126,,,,,,,,,,,,,,,,,,,,,,,,,,,,,,,,,,
48,29-11-15,0,92,69,0,0,0,0,74,93,104,73,0,0,0,0,0,0,0,67,0,0,0,0,0,73,0,126,,,,,,,,,,,,,,,,,,,,,,,,,,,,,,,,,,
49,06-12-15,0,96,74,0,0,0,0,73,93,104,73,0,0,0,0,0,71,0,70,0,0,0,0,0,77,0,121,,,,,,,,,,,,,,,,,,,,,,,,,,,,,,,,,,
50,13-12-15,0,97,77,0,107,0,0,69,93,105,73,0,0,0,0,0,64,0,68,0,0,0,0,0,74,0,121,,,,,,,,,,,,,,,,,,,,,,,,,,,,,,,,,,
51,20-12-15,0,100,81,0,106,0,0,70,93,0,73,0,0,0,0,0,71,0,70,0,0,0,0,0,73,0,120,,,,,,,,,,,,,,,,,,,,,,,,,,,,,,,,,,
52,27-12-15,0,102,81,0,103,0,0,71,93,104,73,0,0,0,0,0,0,0,70,0,85,0,0,0,80,0,0,,,,,,,,,,,,,,,,,,,,,,,,,,,,,,,,,,
53,03-01-16,0,102,0,0,0,80,0,0,93,104,80,0,0,0,0,0,0,0,71,0,0,0,0,0,90,0,126,,,,,,,,,,,,,,,,,,,,,,,,,,,,,,,,,,
1,10-01-16,0,102,0,0,0,0,0,70,93,104,80,0,0,0,0,0,0,0,85,0,82,0,0,0,92,0,132,,,,,,,,,,,,,,,,,,,,,,,,,,,,,,,,,,
2,17-01-16,0,102,79,0,0,86,0,73,99,88,83,0,0,0,0,0,76,0,92,0,0,0,0,0,92,0,127,,,,,,,,,,,,,,,,,,,,,,,,,,,,,,,,,,
3,24-01-16,0,102,79,0,0,86,0,73,99,88,83,0,0,0,0,0,76,0,92,0,0,0,0,0,92,0,0,,,,,,,,,,,,,,,,,,,,,,,,,,,,,,,,,,
4,31-01-16,0,107,0,0,102,96,0,82,108,95,90,0,0,0,0,0,90,0,87,0,0,0,0,0,109,0,126,,,,,,,,,,,,,,,,,,,,,,,,,,,,,,,,,,
5,07-02-16,0,107,0,0,0,0,0,80,110,96,90,0,0,0,0,0,0,0,95,0,0,0,0,0,108,0,125,,,,,,,,,,,,,,,,,,,,,,,,,,,,,,,,,,
6,14-02-16,0,107,103,0,105,0,0,82,111,96,90,0,0,0,0,0,92,0,95,0,0,0,0,0,111,0,124,,,,,,,,,,,,,,,,,,,,,,,,,,,,,,,,,,
7,21-02-16,0,107,98,0,108,0,0,83,112,100,90,0,0,0,0,0,0,0,92,0,0,0,0,0,111,0,132,,,,,,,,,,,,,,,,,,,,,,,,,,,,,,,,,,
8,28-02-16,0,107,98,0,108,0,0,83,112,100,90,0,0,0,0,0,0,0,92,0,0,0,0,0,111,0,132,,,,,,,,,,,,,,,,,,,,,,,,,,,,,,,,,,
9,06-03-16,0,112,0,0,105,0,0,81,110,99,97,0,0,0,0,0,0,0,96,0,0,0,0,0,0,0,126,,,,,,,,,,,,,,,,,,,,,,,,,,,,,,,,,,
10,13-03-16,0,112,0,0,105,0,0,81,111,100,97,0,0,0,0,0,0,0,96,0,93,0,0,0,0,0,127,,,,,,,,,,,,,,,,,,,,,,,,,,,,,,,,,,
11,20-03-16,0,112,0,0,105,0,0,85,112,108,97,0,87,0,0,0,0,0,95,0,0,0,0,0,97,0,126,,,,,,,,,,,,,,,,,,,,,,,,,,,,,,,,,,
12,27-03-16,0,112,98,0,108,0,0,81,113,108,100,0,86,0,0,0,0,0,96,0,0,0,0,0,111,0,132,,,,,,,,,,,,,,,,,,,,,,,,,,,,,,,,,,
13,03-04-16,0,112,0,0,107,104,0,83,111,107,100,0,85,0,0,0,0,0,92,0,112,0,0,0,104,0,132,,,,,,,,,,,,,,,,,,,,,,,,,,,,,,,,,,
14,10-04-16,0,112,95,0,108,0,0,89,111,106,100,0,0,0,0,0,0,0,87,0,0,0,0,0,114,0,132,,,,,,,,,,,,,,,,,,,,,,,,,,,,,,,,,,
15,17-04-16,0,112,0,0,0,182,0,82,111,106,100,0,0,0,0,0,0,0,84,0,0,0,0,0,109,0,132,,,,,,,,,,,,,,,,,,,,,,,,,,,,,,,,,,
16,24-04-16,0,112,94,0,103,98,0,82,111,105,95,0,0,0,0,0,0,0,84,0,0,0,0,0,105,0,132,,,,,,,,,,,,,,,,,,,,,,,,,,,,,,,,,,
17,01-05-16,0,112,88,0,103,97,0,82,111,0,0,0,0,0,0,0,0,0,84,0,0,0,0,0,109,0,132,,,,,,,,,,,,,,,,,,,,,,,,,,,,,,,,,,
18,08-05-16,0,112,87,0,0,97,0,80,111,0,93,0,0,0,0,0,0,0,84,0,0,0,0,0,139,0,132,,,,,,,,,,,,,,,,,,,,,,,,,,,,,,,,,,
19,15-05-16,0,112,0,0,0,186,0,77,110,109,93,0,0,0,0,0,0,0,84,0,0,0,0,0,137,0,132,,,,,,,,,,,,,,,,,,,,,,,,,,,,,,,,,,
20,22-05-16,0,112,80,0,0,195,0,80,110,97,93,0,84,41,0,0,0,0,84,0,0,0,0,0,126,0,132,,,,,,,,,,,,,,,,,,,,,,,,,,,,,,,,,,
21,29-05-16,0,112,0,0,100,0,0,78,110,0,93,0,0,0,0,0,0,0,86,0,0,0,0,0,137,0,127,,,,,,,,,,,,,,,,,,,,,,,,,,,,,,,,,,
22,05-06-16,0,108,0,0,0,170,0,80,110,108,93,0,85,0,0,0,0,0,87,0,0,0,0,0,152,0,127,,,,,,,,,,,,,,,,,,,,,,,,,,,,,,,,,,
23,12-06-16,0,107,0,0,0,185,0,80,110,111,93,0,81,0,0,0,0,0,86,0,0,0,0,0,154,0,0,,,,,,,,,,,,,,,,,,,,,,,,,,,,,,,,,,
24,19-06-16,0,107,0,0,0,182,0,75,109,110,93,0,77,0,0,0,0,0,86,0,0,0,0,0,160,0,125,,,,,,,,,,,,,,,,,,,,,,,,,,,,,,,,,,
25,26-06-16,0,107,0,0,0,0,0,81,109,110,92,0,75,65,0,0,0,0,87,0,0,0,0,0,156,0,124,,,,,,,,,,,,,,,,,,,,,,,,,,,,,,,,,,
26,03-07-16,0,102,0,0,0,0,0,81,107,107,88,0,76,67,0,0,0,0,83,0,0,0,0,0,143,0,132,,,,,,,,,,,,,,,,,,,,,,,,,,,,,,,,,,
27,10-07-16,0,102,0,0,0,0,0,78,104,0,0,0,76,0,0,0,0,0,82,0,0,0,0,0,140,0,132,,,,,,,,,,,,,,,,,,,,,,,,,,,,,,,,,,
28,17-07-16,0,97,0,0,0,0,0,78,103,110,0,0,0,0,0,0,0,0,80,0,0,0,0,0,161,0,132,,,,,,,,,,,,,,,,,,,,,,,,,,,,,,,,,,
29,24-07-16,0,97,0,0,0,0,0,0,100,109,88,0,76,0,0,0,0,0,77,0,0,0,0,0,157,0,132,,,,,,,,,,,,,,,,,,,,,,,,,,,,,,,,,,
30,31-07-16,0,97,83,0,0,0,0,76,99,0,88,0,71,0,0,0,0,0,77,0,0,0,0,0,161,0,132,,,,,,,,,,,,,,,,,,,,,,,,,,,,,,,,,,
31,07-08-16,0,97,0,0,0,0,0,76,99,110,88,0,72,0,0,0,0,0,73,0,0,0,0,0,153,0,132,,,,,,,,,,,,,,,,,,,,,,,,,,,,,,,,,,
32,14-08-16,0,97,75,0,0,0,0,78,99,109,88,0,69,0,0,0,0,0,73,0,0,0,0,0,154,0,132,,,,,,,,,,,,,,,,,,,,,,,,,,,,,,,,,,
33,21-08-16,0,97,75,0,0,0,0,81,99,108,88,0,58,0,0,0,0,0,73,0,0,0,0,0,156,0,132,,,,,,,,,,,,,,,,,,,,,,,,,,,,,,,,,,
34,28-08-16,0,97,0,0,0,81,0,78,99,0,87,0,63,0,0,0,0,0,72,0,0,0,0,0,130,0,132,,,,,,,,,,,,,,,,,,,,,,,,,,,,,,,,,,
35,04-09-16,0,107,75,0,0,82,0,77,100,0,86,0,62,0,0,0,0,0,72,0,0,0,0,0,149,0,132,,,,,,,,,,,,,,,,,,,,,,,,,,,,,,,,,,
36,11-09-16,0,107,75,0,0,83,0,0,100,101,86,0,66,0,0,0,0,0,68,0,0,0,0,0,127,0,132,,,,,,,,,,,,,,,,,,,,,,,,,,,,,,,,,,
37,18-09-16,0,107,75,0,0,93,0,76,101,108,83,0,64,0,0,0,0,0,70,0,0,0,0,0,133,0,132,,,,,,,,,,,,,,,,,,,,,,,,,,,,,,,,,,
38,25-09-16,0,107,73,0,0,0,0,76,99,101,0,0,59,0,0,0,0,0,65,0,0,0,0,0,123,0,0,,,,,,,,,,,,,,,,,,,,,,,,,,,,,,,,,,
39,02-10-16,0,107,69,0,0,0,0,68,97,100,83,0,56,0,0,0,73,0,68,0,0,0,0,77,110,0,132,,,,,,,,,,,,,,,,,,,,,,,,,,,,,,,,,,
40,09-10-16,0,107,63,0,0,0,0,64,95,105,80,0,54,0,0,0,73,0,72,0,0,0,0,77,118,0,132,,,,,,,,,,,,,,,,,,,,,,,,,,,,,,,,,,
41,16-10-16,0,107,0,0,0,71,0,64,95,105,80,0,55,0,0,0,75,0,72,0,0,0,0,73,114,0,132,,,,,,,,,,,,,,,,,,,,,,,,,,,,,,,,,,
42,23-10-16,0,107,71,0,0,78,0,66,96,97,80,0,56,0,0,0,77,0,68,0,0,0,0,65,116,0,132,,,,,,,,,,,,,,,,,,,,,,,,,,,,,,,,,,
43,30-10-16,0,107,68,0,0,86,0,70,97,0,73,0,62,0,0,0,0,0,68,0,0,0,0,64,112,0,132,,,,,,,,,,,,,,,,,,,,,,,,,,,,,,,,,,
44,06-11-16,0,107,69,0,0,73,0,70,97,0,73,0,56,0,0,0,0,0,68,0,58,0,0,72,120,0,132,,,,,,,,,,,,,,,,,,,,,,,,,,,,,,,,,,
45,13-11-16,0,104,69,0,0,75,0,71,97,0,75,0,63,0,0,0,0,0,67,0,0,0,0,74,125,0,132,,,,,,,,,,,,,,,,,,,,,,,,,,,,,,,,,,
46,20-11-16,0,107,68,0,0,75,0,68,97,0,75,0,60,0,0,0,0,0,68,0,0,0,0,74,137,0,132,,,,,,,,,,,,,,,,,,,,,,,,,,,,,,,,,,
47,27-11-16,0,106,69,0,0,0,0,70,97,0,75,0,47,0,0,0,0,0,68,0,0,0,0,61,132,0,132,,,,,,,,,,,,,,,,,,,,,,,,,,,,,,,,,,
48,04-12-16,0,102,69,0,0,69,0,69,96,0,73,0,47,0,0,0,0,0,65,0,64,0,0,63,124,0,132,,,,,,,,,,,,,,,,,,,,,,,,,,,,,,,,,,
49,11-12-16,0,102,69,0,94,0,0,68,96,0,74,0,55,0,0,0,0,0,65,0,0,0,80,63,123,0,132,,,,,,,,,,,,,,,,,,,,,,,,,,,,,,,,,,
50,18-12-16,0,102,69,0,0,91,0,66,96,0,0,0,50,0,0,0,0,0,64,0,0,0,86,67,125,0,132,,,,,,,,,,,,,,,,,,,,,,,,,,,,,,,,,,
51,25-12-16,0,102,0,0,0,76,0,0,96,0,73,0,49,0,0,0,0,0,68,0,0,0,0,67,150,0,132,,,,,,,,,,,,,,,,,,,,,,,,,,,,,,,,,,
52,01-01-17,0,102,72,0,0,0,0,64,96,0,73,0,60,0,0,0,0,0,68,0,0,0,0,67,127,0,134,,,,,,,,,,,,,,,,,,,,,,,,,,,,,,,,,,
1,08-01-17,0,102,72,0,0,0,0,64,94,0,72,0,61,0,0,0,0,0,69,0,0,0,84,73,114,0,134,,,,,,,,,,,,,,,,,,,,,,,,,,,,,,,,,,
2,15-01-17,0,102,75,0,0,0,0,0,96,0,0,0,0,0,0,0,0,0,73,0,0,0,0,73,112,0,134,,,,,,,,,,,,,,,,,,,,,,,,,,,,,,,,,,
3,22-01-17,0,102,80,0,0,68,0,76,96,0,73,0,0,0,0,0,85,0,81,0,0,0,0,75,112,0,126,,,,,,,,,,,,,,,,,,,,,,,,,,,,,,,,,,
4,29-01-17,0,102,83,0,0,0,0,81,97,0,80,0,0,0,0,0,0,0,80,0,0,0,0,83,125,0,127,,,,,,,,,,,,,,,,,,,,,,,,,,,,,,,,,,
5,05-02-17,0,102,0,0,0,0,0,80,97,0,83,0,0,0,0,0,0,0,80,0,0,0,0,89,152,0,134,,,,,,,,,,,,,,,,,,,,,,,,,,,,,,,,,,
6,12-02-17,0,102,0,0,0,0,0,80,100,0,83,0,0,0,0,0,0,0,83,0,0,0,0,92,159,0,126,,,,,,,,,,,,,,,,,,,,,,,,,,,,,,,,,,
7,19-02-17,0,102,0,0,0,0,0,82,100,0,85,0,0,0,0,0,0,0,83,0,0,0,0,92,159,0,134,,,,,,,,,,,,,,,,,,,,,,,,,,,,,,,,,,
8,26-02-17,0,102,0,0,0,0,0,83,100,0,85,0,0,0,0,0,0,0,84,0,0,0,0,92,155,0,134,,,,,,,,,,,,,,,,,,,,,,,,,,,,,,,,,,
9,05-03-17,0,102,0,0,0,0,0,85,100,0,85,0,0,0,0,0,0,0,80,0,0,0,0,91,157,0,0,,,,,,,,,,,,,,,,,,,,,,,,,,,,,,,,,,
10,12-03-17,0,102,0,0,0,0,0,84,101,0,85,0,0,0,0,0,0,0,81,0,0,0,0,91,141,0,134,,,,,,,,,,,,,,,,,,,,,,,,,,,,,,,,,,
11,19-03-17,0,102,0,0,0,85,0,84,101,0,87,0,0,0,0,0,0,0,82,0,0,0,0,0,135,0,134,,,,,,,,,,,,,,,,,,,,,,,,,,,,,,,,,,
12,26-03-17,0,102,0,0,0,0,0,84,101,0,87,0,0,0,0,0,0,0,87,0,0,0,0,94,137,0,125,,,,,,,,,,,,,,,,,,,,,,,,,,,,,,,,,,
13,02-04-17,0,102,0,0,0,94,0,84,101,0,92,0,67,0,0,0,0,0,90,0,0,0,0,97,131,0,125,,,,,,,,,,,,,,,,,,,,,,,,,,,,,,,,,,
14,09-04-17,0,102,91,0,0,91,0,85,102,0,95,0,0,0,0,0,0,0,94,0,0,0,0,102,163,0,134,,,,,,,,,,,,,,,,,,,,,,,,,,,,,,,,,,
15,16-04-17,0,102,97,0,0,98,0,84,103,0,97,0,0,0,0,0,0,0,95,0,0,0,0,104,125,0,134,,,,,,,,,,,,,,,,,,,,,,,,,,,,,,,,,,
16,23-04-17,0,102,0,0,0,102,0,86,103,0,102,0,0,0,0,0,0,0,95,0,0,0,0,104,129,0,134,,,,,,,,,,,,,,,,,,,,,,,,,,,,,,,,,,
17,30-04-17,0,102,98,0,0,100,0,85,103,0,100,0,0,0,0,0,0,0,94,0,0,0,0,104,134,0,134,,,,,,,,,,,,,,,,,,,,,,,,,,,,,,,,,,
18,07-05-17,0,102,0,0,0,99,0,84,103,0,100,0,90,0,0,0,0,0,94,0,0,0,0,104,154,0,134,,,,,,,,,,,,,,,,,,,,,,,,,,,,,,,,,,
19,14-05-17,0,102,0,0,0,98,0,84,105,0,99,0,90,0,0,0,0,0,94,0,0,0,0,104,171,0,124,,,,,,,,,,,,,,,,,,,,,,,,,,,,,,,,,,
20,21-05-17,0,102,100,0,0,95,0,84,105,0,98,0,0,0,0,0,0,0,94,0,0,0,0,104,171,0,122,,,,,,,,,,,,,,,,,,,,,,,,,,,,,,,,,,
21,28-05-17,0,102,0,0,0,96,0,85,105,0,0,0,90,0,0,0,0,0,88,0,0,0,0,104,162,0,123,,,,,,,,,,,,,,,,,,,,,,,,,,,,,,,,,,
22,04-06-17,0,102,101,0,0,96,0,84,104,0,0,0,80,0,0,0,0,0,86,0,0,0,0,104,149,0,123,,,,,,,,,,,,,,,,,,,,,,,,,,,,,,,,,,
23,11-06-17,0,102,92,0,0,96,0,84,102,0,93,0,89,0,0,0,0,0,83,0,0,0,0,97,149,0,134,,,,,,,,,,,,,,,,,,,,,,,,,,,,,,,,,,
24,18-06-17,0,102,90,0,0,95,0,84,101,0,90,0,81,0,0,0,0,0,78,0,0,0,0,91,148,0,134,,,,,,,,,,,,,,,,,,,,,,,,,,,,,,,,,,
25,25-06-17,0,102,0,0,0,90,0,84,100,0,88,0,81,0,0,0,0,0,63,0,0,0,0,87,122,0,134,,,,,,,,,,,,,,,,,,,,,,,,,,,,,,,,,,
26,02-07-17,0,102,0,0,0,75,0,84,96,0,85,0,0,0,0,0,92,0,60,0,0,0,0,86,145,0,134,,,,,,,,,,,,,,,,,,,,,,,,,,,,,,,,,,
27,09-07-17,0,102,76,0,0,69,0,84,94,0,80,0,62,0,0,0,87,0,55,0,0,0,0,80,146,0,134,,,,,,,,,,,,,,,,,,,,,,,,,,,,,,,,,,
28,16-07-17,0,96,0,0,92,71,0,76,95,0,80,0,51,0,0,0,0,0,55,0,0,0,0,71,160,0,134,,,,,,,,,,,,,,,,,,,,,,,,,,,,,,,,,,
29,23-07-17,0,102,60,0,107,59,0,72,95,0,80,0,43,0,0,0,0,0,55,0,0,0,0,71,155,0,134,,,,,,,,,,,,,,,,,,,,,,,,,,,,,,,,,,
30,30-07-17,0,102,0,0,0,63,0,70,94,0,80,0,47,0,0,0,0,0,55,0,0,0,0,71,70,0,0,,,,,,,,,,,,,,,,,,,,,,,,,,,,,,,,,,
31,06-08-17,0,102,0,0,0,63,0,70,94,0,80,0,47,0,0,0,0,0,55,0,0,0,0,71,70,0,0,,,,,,,,,,,,,,,,,,,,,,,,,,,,,,,,,,
32,13-08-17,0,102,0,0,0,49,0,0,94,0,0,0,37,0,0,0,0,0,55,0,0,0,0,66,99,0,134,,,,,,,,,,,,,,,,,,,,,,,,,,,,,,,,,,
33,20-08-17,0,102,54,0,0,54,0,73,94,0,0,0,42,0,0,0,0,0,50,0,0,0,0,59,70,0,134,,,,,,,,,,,,,,,,,,,,,,,,,,,,,,,,,,
34,27-08-17,0,96,0,0,0,49,0,68,95,0,0,0,38,0,0,0,0,0,51,0,0,0,0,55,67,0,0,,,,,,,,,,,,,,,,,,,,,,,,,,,,,,,,,,
35,03-09-17,0,92,53,0,0,42,0,63,96,0,0,0,38,0,0,0,0,0,51,0,0,0,0,55,65,0,134,,,,,,,,,,,,,,,,,,,,,,,,,,,,,,,,,,
36,10-09-17,0,92,54,0,0,0,0,68,96,0,70,0,33,0,0,0,0,0,51,0,0,0,0,58,70,0,134,,,,,,,,,,,,,,,,,,,,,,,,,,,,,,,,,,
37,17-09-17,0,92,0,0,0,64,0,67,95,0,72,0,39,0,0,0,0,0,57,0,0,0,0,61,74,0,134,,,,,,,,,,,,,,,,,,,,,,,,,,,,,,,,,,
38,24-09-17,0,0,63,0,0,66,0,73,96,0,75,0,39,0,0,0,0,0,65,0,0,0,0,63,72,0,134,,,,,,,,,,,,,,,,,,,,,,,,,,,,,,,,,,
39,01-10-17,0,0,0,0,0,64,0,77,96,0,0,0,52,0,0,0,0,0,65,0,0,0,0,63,72,0,134,,,,,,,,,,,,,,,,,,,,,,,,,,,,,,,,,,
40,08-10-17,0,0,0,0,0,69,0,74,96,0,79,0,0,0,0,0,0,0,69,0,61,0,0,73,68,0,134,,,,,,,,,,,,,,,,,,,,,,,,,,,,,,,,,,
41,15-10-17,0,0,78,0,0,73,0,80,97,0,0,0,58,0,0,0,0,0,69,0,0,0,0,79,82,0,134,,,,,,,,,,,,,,,,,,,,,,,,,,,,,,,,,,
42,22-10-17,0,0,78,0,0,70,0,80,97,0,81,0,57,0,0,0,0,0,70,0,0,0,0,80,92,0,0,,,,,,,,,,,,,,,,,,,,,,,,,,,,,,,,,,
43,29-10-17,0,0,78,0,0,65,0,78,97,0,81,0,57,0,0,0,0,0,68,0,0,0,0,80,91,0,134,,,,,,,,,,,,,,,,,,,,,,,,,,,,,,,,,,
44,05-11-17,0,0,78,0,0,0,0,77,95,0,0,0,57,0,0,0,0,0,67,0,0,0,0,80,84,0,134,,,,,,,,,,,,,,,,,,,,,,,,,,,,,,,,,,
45,12-11-17,0,0,76,0,0,0,0,78,95,0,80,0,57,0,0,0,0,0,67,0,0,0,0,80,85,0,134,,,,,,,,,,,,,,,,,,,,,,,,,,,,,,,,,,
46,19-11-17,0,0,69,0,0,76,0,73,96,0,80,0,58,0,0,0,72,0,69,0,0,0,0,80,80,0,134,,,,,,,,,,,,,,,,,,,,,,,,,,,,,,,,,,
47,26-11-17,0,0,72,0,0,77,0,71,96,0,80,0,58,0,0,0,72,0,73,0,84,0,0,80,84,0,134,,,,,,,,,,,,,,,,,,,,,,,,,,,,,,,,,,
48,03-12-17,0,0,78,0,0,73,0,69,96,0,80,0,54,0,0,0,0,0,79,0,0,0,0,83,90,0,0,,,,,,,,,,,,,,,,,,,,,,,,,,,,,,,,,,
49,10-12-17,0,0,82,0,0,79,0,72,96,0,80,0,76,0,0,0,88,0,79,0,0,0,0,89,93,0,0,,,,,,,,,,,,,,,,,,,,,,,,,,,,,,,,,,
50,17-12-17,0,0,82,0,0,90,0,70,96,0,80,0,71,0,0,0,0,0,81,0,0,0,0,92,93,0,0,,,,,,,,,,,,,,,,,,,,,,,,,,,,,,,,,,
51,24-12-17,0,0,0,0,0,0,0,0,96,0,0,0,75,0,0,0,0,0,81,0,0,0,0,0,87,0,0,,,,,,,,,,,,,,,,,,,,,,,,,,,,,,,,,,
52,31-12-17,0,0,87,0,0,89,0,0,96,0,80,0,74,0,0,0,0,0,81,0,90,0,0,92,95,0,0,,,,,,,,,,,,,,,,,,,,,,,,,,,,,,,,,,
1,07-01-18,0,0,87,0,0,62,0,65,97,0,78,0,0,0,0,0,0,0,84,0,0,0,0,92,91,0,0,,,,,,,,,,,,,,,,,,,,,,,,,,,,,,,,,,
2,14-01-18,0,0,87,0,0,0,0,76,97,0,0,0,71,0,0,0,0,0,97,0,0,0,0,92,102,0,134,,,,,,,,,,,,,,,,,,,,,,,,,,,,,,,,,,
3,21-01-18,0,0,91,0,0,0,0,68,98,0,86,0,68,0,0,0,0,0,95,0,0,0,0,97,95,0,134,,,,,,,,,,,,,,,,,,,,,,,,,,,,,,,,,,
4,28-01-18,0,0,102,0,0,0,0,75,103,0,90,0,0,0,0,0,0,0,100,0,0,0,0,104,111,0,134,,,,,,,,,,,,,,,,,,,,,,,,,,,,,,,,,,
5,04-02-18,0,0,105,0,0,0,0,82,111,0,92,0,0,0,0,0,0,0,108,0,0,0,0,110,153,0,134,,,,,,,,,,,,,,,,,,,,,,,,,,,,,,,,,,
6,11-02-18,0,0,105,0,0,0,0,85,112,0,95,0,0,0,0,0,0,0,104,0,0,0,0,110,156,0,134,,,,,,,,,,,,,,,,,,,,,,,,,,,,,,,,,,
7,18-02-18,0,0,109,0,0,0,0,88,112,0,100,0,0,0,0,0,105,0,104,0,0,0,0,110,153,0,134,,,,,,,,,,,,,,,,,,,,,,,,,,,,,,,,,,
8,25-02-18,0,0,116,0,0,105,0,91,114,0,101,0,90,0,0,0,110,0,104,0,0,0,0,113,120,0,0,,,,,,,,,,,,,,,,,,,,,,,,,,,,,,,,,,
9,04-03-18,0,0,116,0,0,0,0,86,113,0,0,0,0,0,0,0,0,0,104,0,0,0,0,116,117,0,0,,,,,,,,,,,,,,,,,,,,,,,,,,,,,,,,,,
10,11-03-18,0,0,107,0,0,0,0,86,113,0,102,0,0,0,0,0,0,0,98,0,0,0,0,113,123,0,134,,,,,,,,,,,,,,,,,,,,,,,,,,,,,,,,,,
11,18-03-18,0,0,111,0,0,0,0,86,113,0,103,0,85,0,0,0,0,0,97,0,0,0,0,110,121,0,0,,,,,,,,,,,,,,,,,,,,,,,,,,,,,,,,,,
12,25-03-18,0,0,105,0,110,0,0,86,112,0,0,0,85,0,0,0,109,0,98,0,0,0,0,109,120,0,134,,,,,,,,,,,,,,,,,,,,,,,,,,,,,,,,,,
13,01-04-18,0,0,105,0,114,0,0,0,111,0,0,0,85,0,0,0,0,0,96,0,0,0,0,105,110,0,134,,,,,,,,,,,,,,,,,,,,,,,,,,,,,,,,,,
14,08-04-18,0,0,102,0,111,0,0,0,109,0,100,0,0,0,0,0,0,0,91,0,0,0,0,100,105,131,134,,,,,,,,,,,,,,,,,,,,,,,,,,,,,,,,,,
15,15-04-18,0,0,96,0,111,0,0,91,107,0,97,0,85,0,0,0,0,0,80,0,0,0,0,93,118,131,134,,,,,,,,,,,,,,,,,,,,,,,,,,,,,,,,,,
16,22-04-18,0,0,87,0,116,0,0,82,104,0,97,0,0,0,0,0,0,0,66,0,0,0,0,94,110,131,134,,,,,,,,,,,,,,,,,,,,,,,,,,,,,,,,,,
17,29-04-18,0,0,80,0,108,0,0,85,102,0,91,0,0,0,0,0,97,0,64,0,0,0,0,88,96,130,134,,,,,,,,,,,,,,,,,,,,,,,,,,,,,,,,,,
18,06-05-18,0,0,65,0,102,0,0,88,102,0,86,0,0,0,0,0,0,0,60,0,0,0,0,83,92,130,134,,,,,,,,,,,,,,,,,,,,,,,,,,,,,,,,,,
19,13-05-18,0,0,65,0,99,0,0,0,102,0,81,0,0,0,0,0,0,0,65,0,0,0,0,77,86,131,0,,,,,,,,,,,,,,,,,,,,,,,,,,,,,,,,,,
20,20-05-18,0,0,65,0,103,62,0,78,101,0,0,0,39,0,0,0,0,0,61,0,77,0,0,74,65,125,0,,,,,,,,,,,,,,,,,,,,,,,,,,,,,,,,,,
21,27-05-18,0,0,65,0,101,69,0,79,100,0,78,0,0,0,0,0,0,0,65,0,0,0,0,72,0,102,134,,,,,,,,,,,,,,,,,,,,,,,,,,,,,,,,,,
22,03-06-18,0,0,69,0,105,0,0,82,99,0,0,0,0,0,0,0,0,0,65,0,0,0,0,72,83,133,134,,,,,,,,,,,,,,,,,,,,,,,,,,,,,,,,,,
23,10-06-18,0,0,69,0,99,67,0,79,95,0,76,0,0,0,0,0,0,0,60,0,0,0,0,79,74,131,134,,,,,,,,,,,,,,,,,,,,,,,,,,,,,,,,,,
24,17-06-18,0,0,69,0,99,64,0,80,93,0,0,0,0,0,0,0,0,0,60,0,0,0,0,72,72,108,134,,,,,,,,,,,,,,,,,,,,,,,,,,,,,,,,,,
25,24-06-18,0,0,65,0,99,0,0,78,90,0,0,0,0,0,0,0,0,0,60,0,0,0,0,69,72,95,134,,,,,,,,,,,,,,,,,,,,,,,,,,,,,,,,,,
26,01-07-18,0,0,58,0,97,0,0,0,89,0,0,0,0,0,0,0,0,0,54,0,0,0,0,69,0,126,134,,,,,,,,,,,,,,,,,,,,,,,,,,,,,,,,,,
27,08-07-18,0,0,58,0,97,0,0,0,89,0,75,0,0,0,0,0,0,0,54,0,0,0,0,69,0,126,134,,,,,,,,,,,,,,,,,,,,,,,,,,,,,,,,,,
28,15-07-18,0,0,62,0,97,0,0,76,88,0,75,0,0,0,0,0,0,0,35,0,0,0,0,68,70,109,134,,,,,,,,,,,,,,,,,,,,,,,,,,,,,,,,,,
29,22-07-18,0,0,65,0,0,0,0,72,87,0,75,0,0,0,0,0,0,0,35,0,0,0,0,66,67,118,134,,,,,,,,,,,,,,,,,,,,,,,,,,,,,,,,,,
30,29-07-18,0,0,65,0,0,0,0,70,85,0,75,0,0,0,0,0,0,0,59,0,0,0,0,66,68,118,134,,,,,,,,,,,,,,,,,,,,,,,,,,,,,,,,,,
31,05-08-18,0,0,67,0,81,0,0,72,84,0,70,0,0,0,0,0,0,0,60,0,0,0,0,69,70,123,134,,,,,,,,,,,,,,,,,,,,,,,,,,,,,,,,,,
32,12-08-18,0,0,71,0,81,0,0,0,83,0,0,0,0,0,0,0,0,0,60,0,0,0,0,72,71,126,134,,,,,,,,,,,,,,,,,,,,,,,,,,,,,,,,,,
33,19-08-18,0,0,72,0,0,77,0,68,87,0,0,0,0,0,0,0,0,0,59,0,0,0,0,71,66,126,134,,,,,,,,,,,,,,,,,,,,,,,,,,,,,,,,,,
34,26-08-18,0,0,72,0,0,74,0,68,88,0,70,0,0,0,0,0,0,0,68,0,0,0,0,64,78,134,134,,,,,,,,,,,,,,,,,,,,,,,,,,,,,,,,,,
35,02-09-18,0,0,76,0,0,78,0,68,88,0,0,0,0,0,0,0,0,0,71,0,0,0,0,0,79,129,134,,,,,,,,,,,,,,,,,,,,,,,,,,,,,,,,,,
36,09-09-18,0,0,80,0,0,77,0,68,90,0,72,0,0,0,0,0,0,0,68,0,0,0,0,72,68,130,134,,,,,,,,,,,,,,,,,,,,,,,,,,,,,,,,,,
37,16-09-18,0,0,79,0,0,0,0,71,91,0,74,0,0,0,0,0,0,0,65,0,0,0,0,72,68,129,134,,,,,,,,,,,,,,,,,,,,,,,,,,,,,,,,,,
38,23-09-18,0,0,76,0,0,0,0,70,91,0,0,0,0,0,0,0,0,0,65,0,0,0,0,0,95,129,134,,,,,,,,,,,,,,,,,,,,,,,,,,,,,,,,,,
39,30-09-18,0,0,76,0,0,0,0,70,91,0,76,0,0,0,0,0,0,0,65,0,72,0,0,63,86,130,134,,,,,,,,,,,,,,,,,,,,,,,,,,,,,,,,,,
40,07-10-18,0,0,80,0,0,0,0,79,91,0,77,0,0,0,0,0,0,0,62,0,0,0,0,63,83,128,134,,,,,,,,,,,,,,,,,,,,,,,,,,,,,,,,,,
41,14-10-18,0,0,76,0,0,73,0,78,89,0,0,0,0,0,0,0,0,0,63,0,65,0,0,61,89,128,134,,,,,,,,,,,,,,,,,,,,,,,,,,,,,,,,,,
42,21-10-18,0,0,69,0,0,0,0,72,89,0,77,0,0,0,0,0,0,0,63,0,0,0,0,61,81,0,134,,,,,,,,,,,,,,,,,,,,,,,,,,,,,,,,,,
43,28-10-18,0,0,60,0,89,0,0,72,90,0,77,0,0,0,0,0,0,0,54,0,0,0,0,0,84,132,134,,,,,,,,,,,,,,,,,,,,,,,,,,,,,,,,,,
44,04-11-18,0,0,60,0,89,0,0,0,91,0,77,0,38,0,0,0,0,0,57,0,0,0,0,58,82,129,134,,,,,,,,,,,,,,,,,,,,,,,,,,,,,,,,,,
45,11-11-18,0,0,60,0,86,0,0,79,90,0,77,0,39,0,0,0,0,0,57,0,0,0,0,61,87,127,134,,,,,,,,,,,,,,,,,,,,,,,,,,,,,,,,,,
46,18-11-18,0,0,60,0,86,70,0,78,89,106,70,0,0,0,0,0,0,0,54,0,0,0,0,61,82,128,134,,,,,,,,,,,,,,,,,,,,,,,,,,,,,,,,,,
47,25-11-18,0,0,67,0,0,77,0,71,91,106,70,0,0,0,0,0,67,0,61,0,0,0,0,66,81,129,134,,,,,,,,,,,,,,,,,,,,,,,,,,,,,,,,,,
48,02-12-18,0,0,72,0,0,0,0,71,91,113,70,0,0,0,0,0,0,0,66,0,0,0,0,58,78,129,134,,,,,,,,,,,,,,,,,,,,,,,,,,,,,,,,,,
49,09-12-18,0,0,72,0,0,0,0,71,91,113,70,0,0,0,0,0,0,0,66,0,0,0,0,58,78,129,134,,,,,,,,,,,,,,,,,,,,,,,,,,,,,,,,,,
50,16-12-18,0,0,83,0,0,0,0,0,91,112,70,0,0,0,0,0,0,0,63,0,0,0,99,72,83,129,116,,,,,,,,,,,,,,,,,,,,,,,,,,,,,,,,,,
51,23-12-18,0,0,78,0,0,0,0,0,91,112,70,0,0,0,0,0,0,0,63,0,0,0,103,72,83,129,134,,,,,,,,,,,,,,,,,,,,,,,,,,,,,,,,,,
52,30-12-18,,,78,,,,,,91,,,,,,,,,,63,,,,,-,87,130,134,,,,,,,,,,,,,,,,,,,,,,,,,,,,,,,,,,
1,06-01-19,,,80,,,,,,91,106,75,,,,,,,,68,,,,,72,86,132,134,,,,,,,,,,,,,,,,,,,,,,,,,,,,,,,,,,
2,13-01-19,,,80,,83,,,,91,100,,,,,,,,,68,,,,,,89,129,134,,,,,,,,,,,,,,,,,,,,,,,,,,,,,,,,,,
3,20-01-19,,,81,,85,,,,91,114,77,,,,,,,,68,,79,,,73,89,128,117,,,,,,,,,,,,,,,,,,,,,,,,,,,,,,,,,,
4,27-01-19,,,88,,93,,,,92,114,79,,,,,,,,77,,78,,,73,96,130,116,,,,,,,,,,,,,,,,,,,,,,,,,,,,,,,,,,
5,03-02-19,,,89,,,,,,92,114,81,,,,,,,,78,,80,,,73,93,133,115,,,,,,,,,,,,,,,,,,,,,,,,,,,,,,,,,,
6,10-02-19,,,93,,83,,,,92,110,83,,74,,,,,,81,,,,,83,98,133,114,,,,,,,,,,,,,,,,,,,,,,,,,,,,,,,,,,
7,17-02-19,,,91,,90,,,,99,114,87,,74,,,,,,83,,,,,,103,133,134,,,,,,,,,,,,,,,,,,,,,,,,,,,,,,,,,,
8,24-02-19,,,91,,,,,,101,114,94,,,,,,,,84,,,,,,105,129,134,,,,,,,,,,,,,,,,,,,,,,,,,,,,,,,,,,
9,03-03-19,,,95,,,,,,98,114,95,,,,,,,,95,,,,,,99,130,114,,,,,,,,,,,,,,,,,,,,,,,,,,,,,,,,,,
10,10-03-19,,,103,,,,,,104,81,97,,,,,,,,94,,,,,,103,129,112,,,,,,,,,,,,,,,,,,,,,,,,,,,,,,,,,,
11,17-03-19,,,104,,,,,,110,,96,,,,,,,,93,,113,,,,107,129,114,,,,,,,,,,,,,,,,,,,,,,,,,,,,,,,,,,
12,24-03-19,,,108,,,,,90,111,94,96,,79,,,,,,94,,106,,,,112,133,114,,,,,,,,,,,,,,,,,,,,,,,,,,,,,,,,,,
13,31-03-19,,,104,,,,,91,109,112,99,,79,,,,,,86,,108,,,,112,131,114,,,,,,,,,,,,,,,,,,,,,,,,,,,,,,,,,,
14,07-04-19,,,105,,,,,89,108,112,,,,,,,,,87,,,,,,113,131,115,,,,,,,,,,,,,,,,,,,,,,,,,,,,,,,,,,
15,14-04-19,,,99,,89,,,90,108,110,98,,79,,,,,,78,,97,,,,119,133,113,,,,,,,,,,,,,,,,,,,,,,,,,,,,,,,,,,
16,21-04-19,,,97,,92,,,83,108,,100,,79,,,,,,78,,,,,86,108,130,114,,,,,,,,,,,,,,,,,,,,,,,,,,,,,,,,,,
17,28-04-19,,,90,,,,,83,105,112,100,,80,,,,,,76,,,,,,100,129,113,,,,,,,,,,,,,,,,,,,,,,,,,,,,,,,,,,
18,05-05-19,,,89,,,,,82,101,,100,,,,,,,,76,,,,,,93,134,112,,,,,,,,,,,,,,,,,,,,,,,,,,,,,,,,,,
19,12-05-19,,,84,,,,,79,99,106,99,,,,,,,,75,,,,,68,93,132,129,,,,,,,,,,,,,,,,,,,,,,,,,,,,,,,,,,
20,19-05-19,,,86,,,,,79,99,91,92,,,,,,,,78,,,,,71,1,128,130,,,,,,,,,,,,,,,,,,,,,,,,,,,,,,,,,,
21,26-05-19,,,91,,,,,82,97,77,92,,,,,,,,78,,,,,74,93,121,131,,,,,,,,,,,,,,,,,,,,,,,,,,,,,,,,,,
22,02-06-19,,,92,,,,,82,96,75,91,,,,,,,,78,,,,,74,98,130,131,,,,,,,,,,,,,,,,,,,,,,,,,,,,,,,,,,
23,09-06-19,,,90,,81,,,81,96,83,90,,,,,,,,80,,96,,,77,98,133,131,,,,,,,,,,,,,,,,,,,,,,,,,,,,,,,,,,
24,16-06-19,,,92,,,,,82,94,,89,,76,,,,,,77,,97,,,81,,131,131,,,,,,,,,,,,,,,,,,,,,,,,,,,,,,,,,,
25,23-06-19,,,87,,,,,80,94,105,88,,80,,,,,,76,,94,,,,,135,131,,,,,,,,,,,,,,,,,,,,,,,,,,,,,,,,,,
26,30-06-19,,,84,,94,,,84,94,93,88,,76,,,,,,72,,99,,,74,96,130,132,,,,,,,,,,,,,,,,,,,,,,,,,,,,,,,,,,
27,07-07-19,,,81,,94,,,83,96,,88,,62,,,,,,69,,80,,,72,95,110,133,,,,,,,,,,,,,,,,,,,,,,,,,,,,,,,,,,
28,14-07-19,,,77,,78,,,80,94,,88,,59,,,,,,68,,77,,,68,88,130,131,,,,,,,,,,,,,,,,,,,,,,,,,,,,,,,,,,
29,21-07-19,,,78,,87,,,75,93,106,,,57,,,,,,68,,,,,67,78,131,133,,,,,,,,,,,,,,,,,,,,,,,,,,,,,,,,,,
30,28-07-19,,,78,,81,,,71,92,86,,,48,,,,,,66,,,,,66,80,136,,,,,,,,,,,,,,,,,,,,,,,,,,,,,,,,,,,
31,04-08-19,,,78,,81,,,74,90,,,,48,,,,,,63,,72,,,66,87,138,130,,,,,,,,,,,,,,,,,,,,,,,,,,,,,,,,,,
32,11-08-19,,,76,,,,,74,90,88,88,,46,,,,,,63,,67,,,66,86,134,130,,,,,,,,,,,,,,,,,,,,,,,,,,,,,,,,,,
33,18-08-19,,,71,,,,,,93,66,84,,,,,,,,63,,,,,66,81,135,130,,,,,,,,,,,,,,,,,,,,,,,,,,,,,,,,,,
34,25-08-19,,,71,,81,,,,91,79,83,,46,,,,,,63,,69,,,66,95,132,130,,,,,,,,,,,,,,,,,,,,,,,,,,,,,,,,,,
35,01-09-19,,,72,,82,,,80,90,93,85,,47,,,,,,67,,,,,72,91,135,129,,,,,,,,,,,,,,,,,,,,,,,,,,,,,,,,,,
36,08-09-19,,,79,,69,,,79,90,77,85,-,54,,,,,,74,,,,,77,80,112,131,,,,,,,,,,,,,,,,,,,,,,,,,,,,,,,,,,
37,15-09-19,,,81,,78,,,77,90,64,86,,,,,,,,77,,,,,79,98,133,130,,,,,,,,,,,,,,,,,,,,,,,,,,,,,,,,,,
38,22-09-19,,,92,,78,,,81,94,,88,,,,,,,,77,,,,,80,89,131,130,,,,,,,,,,,,,,,,,,,,,,,,,,,,,,,,,,
39,29-09-19,,,88,,82,,,81,94,,91,,59,,,,,,71,,,,,80,94,132,130,,,,,,,,,,,,,,,,,,,,,,,,,,,,,,,,,,
40,06-10-19,,,88,,83,,,87,95,81,,,66,,,,,,71,,,,,82,94,132,129,,,,,,,,,,,,,,,,,,,,,,,,,,,,,,,,,,
41,13-10-19,,,,,85,,,84,95,81,88,,61,,,,,,72,,,,,77,92,133,129,,,,,,,,,,,,,,,,,,,,,,,,,,,,,,,,,,
42,20-10-19,,,,,85,,,84,95,108,90,,61,,,,,,68,,,,,,95,127,129,,,,,,,,,,,,,,,,,,,,,,,,,,,,,,,,,,
43,27-10-19,,,,,80,,,83,95,97,90,,,,,,,,71,,,,,,95,130,130,,,,,,,,,,,,,,,,,,,,,,,,,,,,,,,,,,
44,03-11-19,,,,,82,,,86,95,58,90,,,,,,,,69,,,,,75,94,128,130,,,,,,,,,,,,,,,,,,,,,,,,,,,,,,,,,,
45,10-11-19,,,,,81,,,78,95,65,90,,64,,,,,,72,,,,,74,92,135,130,,,,,,,,,,,,,,,,,,,,,,,,,,,,,,,,,,
46,17-11-19,,,,,82,,,84,97,85,90,,67,,,,,,77,,,,,71,95,127,131,,,,,,,,,,,,,,,,,,,,,,,,,,,,,,,,,,
47,24-11-19,,,,,82,,,85,97,77,89,,66,,,,90,,79,,,,,74,96,126,132,,,,,,,,,,,,,,,,,,,,,,,,,,,,,,,,,,
48,01-12-19,,,,,83,,,84,97,111,87,,71,,,,94,,79,,,,,77,94,121,133,,,,,,,,,,,,,,,,,,,,,,,,,,,,,,,,,,
49,08-12-19,,,,,83,,,84,96,62,88,,83,,,,,,82,,,,,79,98,129,133,,,,,,,,,,,,,,,,,,,,,,,,,,,,,,,,,,
50,15-12-19,,,,,83,,,84,96,62,88,,83,,,,,,82,,,,,79,98,129,134,,,,,,,,,,,,,,,,,,,,,,,,,,,,,,,,,,
51,22-12-19,,,,,83,,,,96,,88,,80,,,,,,,,,,,,95,126,134,,,,,,,,,,,,,,,,,,,,,,,,,,,,,,,,,,
52,29-12-19,,,,,,,,,95,,,,78,,,,,,,,,,,,100,108,133,,,,,,,,,,,,,,,,,,,,,,,,,,,,,,,,,,
1,05-01-20,0,0,0,0,0,0,0,0,93,106,88,0,84,0,0,0,0,0,82,0,0,0,0,0,99,129,132,,,,,,,,,,,,,,,,,,,,,,,,,,,,,,,,,,
2,12-01-20,0,0,0,0,0,0,0,74,93,106,88,0,84,0,0,0,0,0,82,0,0,0,0,0,99,129,132,,,,,,,,,,,,,,,,,,,,,,,,,,,,,,,,,,
3,19-01-20,0,0,0,0,97,0,0,82,101,61,90,0,70,0,0,0,0,0,84,0,0,0,0,83,100,136,132,,,,,,,,,,,,,,,,,,,,,,,,,,,,,,,,,,
4,26-01-20,0,0,0,0,91,0,0,89,106,68,94,0,69,0,0,0,0,0,89,0,99,0,0,0,100,132,132,,,,,,,,,,,,,,,,,,,,,,,,,,,,,,,,,,
5,02-02-20,,,,,95,,,86,106,,97,,75,,,,,,87,,88,,,,107,133,131,,,,,,,,,,,,,,,,,,,,,,,,,,,,,,,,,,
6,09-02-20,,,,,99,,,89,109,112,100,,78,,,,,,85,,,,,,106,127,132,,,,,,,,,,,,,,,,,,,,,,,,,,,,,,,,,,
7,16-02-20,,,,,101,,,90,110,111,100,,81,,,,99,,85,,,,,80,103,133,133,,,,,,,,,,,,,,,,,,,,,,,,,,,,,,,,,,
8,23-02-20,,,,,103,,,88,111,104,100,,78,,,,,,83,,,,,80,103,132,132,,,,,,,,,,,,,,,,,,,,,,,,,,,,,,,,,,
9,01-03-20,,,,,100,,,88,110,75,100,,76,,,,,,79,,,,,,101,137,132,,,,,,,,,,,,,,,,,,,,,,,,,,,,,,,,,,
10,08-03-20,,,,,102,,,87,110,103,100,,70,,,,,,76,,,,,,102,,132,,,,,,,,,,,,,,,,,,,,,,,,,,,,,,,,,,
11,15-03-20,,,,,105,,,87,110,98,100,,55,,,,,,76,,,,,,100,,128,,,,,,,,,,,,,,,,,,,,,,,,,,,,,,,,,,
12,22-03-20,,,,,102,,,87,107,101,,,79,,,,,,80,,,,,,100,,125,,,,,,,,,,,,,,,,,,,,,,,,,,,,,,,,,,
13,29-03-20,,,,,99,,,84,111,106,,,74,,,,,,71,,,,,,117,,127,,,,,,,,,,,,,,,,,,,,,,,,,,,,,,,,,,
14,05-04-20,,,,,102,,,96,105,110,,,,,,,,,74,,,,,,100,128,128,,,,,,,,,,,,,,,,,,,,,,,,,,,,,,,,,,
15,12-04-20,,,,,96,,,74,105,106,,,62,,,,,,68,,,,,69,97,144,128,,,,,,,,,,,,,,,,,,,,,,,,,,,,,,,,,,
16,19-04-20,,,,,95,,,75,105,96,,,58,,,,,,68,,,,,69,98,135,128,,,,,,,,,,,,,,,,,,,,,,,,,,,,,,,,,,
17,26-04-20,,,,,97,,,81,103,100,,,57,,,,,,65,,,,,69,101,136,128,,,,,,,,,,,,,,,,,,,,,,,,,,,,,,,,,,
18,03-05-20,,,,,89,,,80,103,101,,,58,,,,,,65,,,,,69,91,138,132,,,,,,,,,,,,,,,,,,,,,,,,,,,,,,,,,,
19,10-05-20,,,,,86,,,79,103,,,,59,,,,,,68,,,,,68,94,99,,,,,,,,,,,,,,,,,,,,,,,,,,,,,,,,,,,
20,17-05-20,,,,,86,,,79,103,,,,60,,,,,,69,,,,,68,93,136,133,,,,,,,,,,,,,,,,,,,,,,,,,,,,,,,,,,
21,24-05-20,,,,,86,,,77,102,,,,62,,,,,,69,,,,,69,85,133,134,,,,,,,,,,,,,,,,,,,,,,,,,,,,,,,,,,
22,31-05-20,,,,,86,,,75,103,,,,60,,,,,,68,,,,,69,85,121,135,,,,,,,,,,,,,,,,,,,,,,,,,,,,,,,,,,
23,07-06-20,,,,,89,,,79,102,104,,,72,,,,,,66,,,,,68,85,111,132,,,,,,,,,,,,,,,,,,,,,,,,,,,,,,,,,,
24,14-06-20,,,,,89,,,79,100,100,,,57,,,,,,61,,,,,,86,128,130,,,,,,,,,,,,,,,,,,,,,,,,,,,,,,,,,,
25,21-06-20,,,,,,,,79,98,92,,,64,,,,,,60,,,,,63,84,118,130,,,,,,,,,,,,,,,,,,,,,,,,,,,,,,,,,,
26,28-06-20,,,,,86,,,78,95,106,,,53,,,,,,56,,,,,63,81,139,131,,,,,,,,,,,,,,,,,,,,,,,,,,,,,,,,,,
27,05-07-20,,,,,78,,,78,93,96,,,,,,,,,58,,,,,62,78,107,131,,,,,,,,,,,,,,,,,,,,,,,,,,,,,,,,,,
28,12-07-20,,,,,,,,79,93,77,,,,,,,,,51,,,,,61,74,128,132,,,,,,,,,,,,,,,,,,,,,,,,,,,,,,,,,,
29,19-07-20,,,,,82,,,75,93,104,,,50,,,,,,60,,,,,61,77,130,132,,,,,,,,,,,,,,,,,,,,,,,,,,,,,,,,,,
30,26-07-20,,,,,66,,,76,94,102,,,48,,,,,,60,,,,,59,74,117,133,,,,,,,,,,,,,,,,,,,,,,,,,,,,,,,,,,
31,02-08-20,,,,,74,,,81,95,101,,,48,,,,,,60,,,,,58,73,130,133,,,,,,,,,,,,,,,,,,,,,,,,,,,,,,,,,,
32,09-08-20,,,,,83,,,83,93,102,,,51,,,,,,60,,,,,61,73,130,133,,,,,,,,,,,,,,,,,,,,,,,,,,,,,,,,,,
33,16-08-20,,,,,,,,84,93,102,,,50,,,,,,60,,,,,58,70,107,133,,,,,,,,,,,,,,,,,,,,,,,,,,,,,,,,,,
34,23-08-20,,,,,78,,,82,93,107,,,49,,,,,,57,,,,,55,71,135,132,,,,,,,,,,,,,,,,,,,,,,,,,,,,,,,,,,
35,30-08-20,,,,,78,,,81,95,106,,,51,,,,,,60,,,,,,68,104,,,,,,,,,,,,,,,,,,,,,,,,,,,,,,,,,,,
36,06-09-20,,,,,78,,,77,95,103,,,50,,,,,,61,,,,,58,63,128,,,,,,,,,,,,,,,,,,,,,,,,,,,,,,,,,,,
37,13-09-20,,,,,78,,,78,97,106,,,59,,,,,,60,,,,,61,71,131,132,,,,,,,,,,,,,,,,,,,,,,,,,,,,,,,,,,
38,20-09-20,,,,,78,,,77,97,107,,,55,,,,,,58,,,,,61,62,127,,,,,,,,,,,,,,,,,,,,,,,,,,,,,,,,,,,
39,27-09-20,,,,,78,,,78,97,111,,,60,,,,,,58,,,,,61,68,132,,,,,,,,,,,,,,,,,,,,,,,,,,,,,,,,,,,
40,04-10-20,,,,,,,,78,95,104,,,52,,,,,,55,,,,,59,72,130,131,,,,,,,,,,,,,,,,,,,,,,,,,,,,,,,,,,
41,11-10-20,,,,,,,,78,95,110,,,48,,,,,,52,,,,,59,71,134,131,,,,,,,,,,,,,,,,,,,,,,,,,,,,,,,,,,
42,18-10-20,,,,,,,,80,98,101,,,45,,,,,,56,,,,,56,73,133,,,,,,,,,,,,,,,,,,,,,,,,,,,,,,,,,,,
43,25-10-20,,,,,,,,77,102,108,,,,,,,,,50,,,,,55,72,132,,,,,,,,,,,,,,,,,,,,,,,,,,,,,,,,,,,
44,01-11-20,,,,,,,,77,97,106,,,42,,,,,,47,,,,,47,59,134,,,,,,,,,,,,,,,,,,,,,,,,,,,,,,,,,,,
45,08-11-20,,,,,78,,,74,97,109,,,43,,,,,,56,,,,,50,59,135,,,,,,,,,,,,,,,,,,,,,,,,,,,,,,,,,,,
46,15-11-20,,,,,88,,,65,93,105,,,41,,,,,,58,,,,,50,67,133,,,,,,,,,,,,,,,,,,,,,,,,,,,,,,,,,,,
47,22-11-20,,,,,84,,,69,95,105,,,48,,,,,,61,,,,,50,67,130,,,,,,,,,,,,,,,,,,,,,,,,,,,,,,,,,,,
48,29-11-20,,,,,82,,,72,94,109,,,50,67,,,,,67,,,,,60,78,135,,,,,,,,,,,,,,,,,,,,,,,,,,,,,,,,,,,
49,06-12-20,,,,,75,,,76,94,107,,,54,38,,,,,67,,,,,68,87,140,,,,,,,,,,,,,,,,,,,,,,,,,,,,,,,,,,,
50,13-12-20,,,,,82,,,76,95,111,,,60,,,,,,67,,,,,71,91,135,126,,,,,,,,,,,,,,,,,,,,,,,,,,,,,,,,,,
51,20-12-20,,,,,82,,,77,95,105,,,61,,,,,,67,,,,,81,97,136,,,,,,,,,,,,,,,,,,,,,,,,,,,,,,,,,,,
52,27-12-20,,,,,83,,,77,94,106,,,60,,,,,,63,,,,,69,90,141,,,,,,,,,,,,,,,,,,,,,,,,,,,,,,,,,,,
53,03-01-21,,,,,,,,77,94,107,,,64,,,,,,64,,,,,71,83,,,,,,,,,,,,,,,,,,,,,,,,,,,,,,,,,,,,
1,10-01-21,,,,,83,,,76,96,111,,,52,,,,,,66,,80,,,69,97,160,,,,,,,,,,,,,,,,,,,,,,,,,,,,,,,,,,,
2,17-01-21,,,,,83,,,91,97,111,,,49,,,,,,69,,79,,,69,91,138,,,,,,,,,,,,,,,,,,,,,,,,,,,,,,,,,,,
3,24-01-21,,,,,85,,,83,97,109,,,55,,,,,,68,,77,,,72,82,134,,,,,,,,,,,,,,,,,,,,,,,,,,,,,,,,,,,
4,31-01-21,,,,,74,,,81,98,110,,,60,,,,,,74,,81,,,77,82,137,,,,,,,,,,,,,,,,,,,,,,,,,,,,,,,,,,,
5,07-02-21,,,,,72,,,80,99,111,,,70,,,,,,80,,,,,77,97,132,,,,,,,,,,,,,,,,,,,,,,,,,,,,,,,,,,,
6,14-02-21,,,,,,,,77,103,108,,,72,,,,,,83,,,,,79,108,137,,,,,,,,,,,,,,,,,,,,,,,,,,,,,,,,,,,
7,21-02-21,,,,,,,,74,103,107,,,73,,,,,,83,,,,,80,96,135,,,,,,,,,,,,,,,,,,,,,,,,,,,,,,,,,,,
8,28-02-21,,,,,,,,82,103,108,,,76,,,,,,82,,,,,81,120,137,,,,,,,,,,,,,,,,,,,,,,,,,,,,,,,,,,,
9,07-03-21,,,,,,,,138,103,104,,,75,,,,,,81,,,,,81,127,138,,,,,,,,,,,,,,,,,,,,,,,,,,,,,,,,,,,
10,14-03-21,,,,,,,,86,103,106,,,76,,,,,,74,,,,,81,108,140,,,,,,,,,,,,,,,,,,,,,,,,,,,,,,,,,,,
11,21-03-21,,,,,,,,83,101,104,,,73,,,,,,75,,,,,79,98,138,,,,,,,,,,,,,,,,,,,,,,,,,,,,,,,,,,,
12,28-03-21,,,,,,,,80,101,105,,,72,,,,,,75,,,,,79,89,141,,,,,,,,,,,,,,,,,,,,,,,,,,,,,,,,,,,
13,04-04-21,,,,,89,,,89,101,103,,,71,,,,,,75,,,,,73,89,141,,,,,,,,,,,,,,,,,,,,,,,,,,,,,,,,,,,
14,11-04-21,,,,,89,,,85,101,109,,,68,,,,,,75,,,,,71,89,122,,,,,,,,,,,,,,,,,,,,,,,,,,,,,,,,,,,
15,18-04-21,,,,,,,,76,101,108,,,69,,,,,,73,,90,,,72,89,128,,,,,,,,,,,,,,,,,,,,,,,,,,,,,,,,,,,
16,25-04-21,,,,,,,,77,99,105,,,68,,,,,,73,,,,,72,86,134,,,,,,,,,,,,,,,,,,,,,,,,,,,,,,,,,,,
17,02-05-21,,,,,,,,77,105,109,,,60,,,,,,73,,,,,72,86,134,,,,,,,,,,,,,,,,,,,,,,,,,,,,,,,,,,,
18,09-05-21,,,,,,,,75,105,105,,,61,,,,,,72,,,,,71,87,134,,,,,,,,,,,,,,,,,,,,,,,,,,,,,,,,,,,
19,16-05-21,,,,,,,,75,105,106,,,65,,,,,,72,,,,,71,91,138,,,,,,,,,,,,,,,,,,,,,,,,,,,,,,,,,,,
20,23-05-21,,,,,,,,75,106,100,,,66,,,,,,70,,,,,71,91,138,,,,,,,,,,,,,,,,,,,,,,,,,,,,,,,,,,,
21,30-05-21,,,,,,,,72,105,103,,,66,,,,,,67,,,,,70,88,135,,,,,,,,,,,,,,,,,,,,,,,,,,,,,,,,,,,
22,06-06-21,,,,,,,,70,95,95,,,67,,,,,,67,,,,,70,72,133,,,,,,,,,,,,,,,,,,,,,,,,,,,,,,,,,,,
23,13-06-21,,,,,97,,,65,94,105,,,61,,,,,,67,,,,,70,72,131,,,,,,,,,,,,,,,,,,,,,,,,,,,,,,,,,,,
24,20-06-21,,,,,96,,,61,94,110,,,66,,,,,,65,,,,,,84,136,,,,,,,,,,,,,,,,,,,,,,,,,,,,,,,,,,,
25,27-06-21,,,,,102,,,69,93,100,,,50,,,,,,65,,,,,,112,140,,,,,,,,,,,,,,,,,,,,,,,,,,,,,,,,,,,
26,04-07-21,,,,,,,,74,93,106,,,53,,,,,,61,,,,,63,84,135,,,,,,,,,,,,,,,,,,,,,,,,,,,,,,,,,,,
27,11-07-21,,,,,,,,65,91,100,,,55,,,,,,61,,66,,,,80,134,,,,,,,,,,,,,,,,,,,,,,,,,,,,,,,,,,,
28,18-07-21,,,,,,,,71,90,100,,,50,,,,,,56,,66,,,,80,133,,,,,,,,,,,,,,,,,,,,,,,,,,,,,,,,,,,
29,25-07-21,,,,,,,,61,89,101,,,51,,,,,,56,,,,,,80,132,,,,,,,,,,,,,,,,,,,,,,,,,,,,,,,,,,,
30,01-08-21,,,,,,,,65,88,106,,,50,,,,,,54,,67,,,52,78,132,,,,,,,,,,,,,,,,,,,,,,,,,,,,,,,,,,,
31,08-08-21,,,,,,,,59,88,100,,,54,,,,,,55,,,,,52,116,130,,,,,,,,,,,,,,,,,,,,,,,,,,,,,,,,,,,
32,15-08-21,,,,,,,,61,88,107,,,,,,,,,57,,59,,,50,111,134,,,,,,,,,,,,,,,,,,,,,,,,,,,,,,,,,,,
33,22-08-21,,,,,,,,55,86,96,,,,,,,,,58,,59,,,47,69,136,,,,,,,,,,,,,,,,,,,,,,,,,,,,,,,,,,,
34,29-08-21,,,,,,,,60,85,101,,,56,,,,,,67,,,,,52,58,135,,,,,,,,,,,,,,,,,,,,,,,,,,,,,,,,,,,
35,05-09-21,,,,,,,,66,87,99,,,50,,,,,,66,,,,,54,105,132,,,,,,,,,,,,,,,,,,,,,,,,,,,,,,,,,,,
36,12-09-21,,,,,,,,68,90,106,,,53,,,,,,69,,77,,,57,82,132,,,,,,,,,,,,,,,,,,,,,,,,,,,,,,,,,,,
37,19-09-21,,,,,,,,60,92,104,,,66,,,,,,73,,,,,66,89,133,,,,,,,,,,,,,,,,,,,,,,,,,,,,,,,,,,,
38,26-09-21,,,,,,,,60,93,102,,,74,,,,,,73,,,,,67,96,133,,,,,,,,,,,,,,,,,,,,,,,,,,,,,,,,,,,
39,03-10-21,,,,,,,,65,94,103,,,69,,,,,,66,,82,,,67,96,133,,,,,,,,,,,,,,,,,,,,,,,,,,,,,,,,,,,
40,10-10-21,,,,,,,,75,93,106,,,75,,,,,,66,,,,,66,77,133,,,,,,,,,,,,,,,,,,,,,,,,,,,,,,,,,,,
41,17-10-21,,,,,,,,68,94,105,,,72,,,,,,66,,,,,66,76,136,,,,,,,,,,,,,,,,,,,,,,,,,,,,,,,,,,,
42,24-10-21,,,,,,,,72,94,105,,,,,,,,,64,,,,,65,89,132,,,,,,,,,,,,,,,,,,,,,,,,,,,,,,,,,,,
43,31-10-21,,,,,,,,74,93,104,,,52,,,,,,64,,74,,,65,89,133,,,,,,,,,,,,,,,,,,,,,,,,,,,,,,,,,,,
44,07-11-21,,,,,,,,71,93,109,,,41,,,,,,62,,,,,69,77,135,,,,,,,,,,,,,,,,,,,,,,,,,,,,,,,,,,,
45,14-11-21,,,,,,,,70,92,98,,,48,,,,,,63,,,,,65,77,127,,,,,,,,,,,,,,,,,,,,,,,,,,,,,,,,,,,
46,21-11-21,,,,,,,,69,95,106,,,48,,,,,,61,,76,,,65,86,132,,,,,,,,,,,,,,,,,,,,,,,,,,,,,,,,,,,
47,28-11-21,,,,,,,,71,93,105,,,57,,,,,,61,,74,68,,65,92,137,,,,,,,,,,,,,,,,,,,,,,,,,,,,,,,,,,,
48,05-12-21,,,,,,,,66,93,105,,,58,,,,,,63,,70,64,,65,108,139,,,,,,,,,,,,,,,,,,,,,,,,,,,,,,,,,,,
49,12-12-21,,,,,,,,66,93,109,,,60,,,,,,69,,,64,,68,89,133,,,,,,,,,,,,,,,,,,,,,,,,,,,,,,,,,,,
50,19-12-21,,,,,90,,,63,93,108,,,74,,,,,,69,,,68,,68,79,133,,,,,,,,,,,,,,,,,,,,,,,,,,,,,,,,,,,
51,26-12-21,,,,,92,,,68,93,,,,,,,,,,66,,69,68,,70,106,111,,,,,,,,,,,,,,,,,,,,,,,,,,,,,,,,,,,
52,02-01-22,,,,,,,,67,93,109,,,41,,,,,,66,,,68,,70,88,136,,,,,,,,,,,,,,,,,,,,,,,,,,,,,,,,,,,
1,09-01-22,,,,,79,,,61,93,109,,,,,,,,,69,,,68,,,97,134,,,,,,,,,,,,,,,,,,,,,,,,,,,,,,,,,,,
2,16-01-22,,,,,83,,,62,93,109,,,,,,,,,81,,,68,,73,103,135,,,,,,,,,,,,,,,,,,,,,,,,,,,,,,,,,,,
3,23-01-22,,,,,83,,,64,96,109,,,84,,,,,,73,,,68,,74,97,135,,,,,,,,,,,,,,,,,,,,,,,,,,,,,,,,,,,
4,30-01-22,,,,,90,,,68,96,109,,,91,,,,,,81,,,68,,,130,133,,,,,,,,,,,,,,,,,,,,,,,,,,,,,,,,,,,
5,06-02-22,,,,,92,,,73,97,109,,,93,,,,,,89,,,68,,84,83,135,,,,,,,,,,,,,,,,,,,,,,,,,,,,,,,,,,,
6,13-02-22,,,,,94,,,77,102,109,,,84,,,,,,89,,,68,,90,83,133,,,,,,,,,,,,,,,,,,,,,,,,,,,,,,,,,,,
7,20-02-22,,,,,94,,,77,105,106,,,90,,,,,,97,,,68,,91,124,137,,,,,,,,,,,,,,,,,,,,,,,,,,,,,,,,,,,
8,27-02-22,,,,,94,,,71,106,109,,,100,,,,,,97,,,68,,91,97,134,,,,,,,,,,,,,,,,,,,,,,,,,,,,,,,,,,,
9,06-03-22,,,,,94,,,83,109,116,,,,,,,100,,97,,,86,,94,146,134,,,,,,,,,,,,,,,,,,,,,,,,,,,,,,,,,,,
10,13-03-22,,,,,94,,,71,109,115,,,,,,,,,97,,,86,,94,140,,,,,,,,,,,,,,,,,,,,,,,,,,,,,,,,,,,,
11,20-03-22,,,,,94,,,80,113,117,,,79,,,,,,97,,,86,,,147,,,,,,,,,,,,,,,,,,,,,,,,,,,,,,,,,,,,
12,27-03-22,,,,,96,,,80,112,117,,,92,,,,,,88,,,93,,88,134,,,,,,,,,,,,,,,,,,,,,,,,,,,,,,,,,,,,
13,03-04-22,,,,,97,,,82,110,117,,,,,,,,,90,,,93,,,147,,,,,,,,,,,,,,,,,,,,,,,,,,,,,,,,,,,,
14,10-04-22,,,,,97,,,81,110,117,,,82,,,,,,83,,,93,,83,145,,,,,,,,,,,,,,,,,,,,,,,,,,,,,,,,,,,,
15,17-04-22,,,,,97,,,81,110,116,,,80,,,,,,89,,,93,,80,128,,,,,,,,,,,,,,,,,,,,,,,,,,,,,,,,,,,,
16,24-04-22,,,,,97,,,111,110,117,,,74,,,,,,89,,96,93,,,138,,,,,,,,,,,,,,,,,,,,,,,,,,,,,,,,,,,,
17,01-05-22,,,,,97,,,77,111,105,,,85,,,,,,86,,88,93,,,139,137,,,,,,,,,,,,,,,,,,,,,,,,,,,,,,,,,,,
18,08-05-22,,,,,97,,,77,110,116,,,76,,,,,,86,,,92,,,135,135,,,,,,,,,,,,,,,,,,,,,,,,,,,,,,,,,,,
19,15-05-22,,,,,97,,,71,111,117,,,79,,,,,,84,,,92,,,136,,,,,,,,,,,,,,,,,,,,,,,,,,,,,,,,,,,,
20,22-05-22,,,,,97,,,115,111,112,,,72,,,,,,83,,,92,,,127,,,,,,,,,,,,,,,,,,,,,,,,,,,,,,,,,,,,
21,29-05-22,,,,,97,,,79,110,113,,,71,,,,,,83,,,92,,,138,135,,,,,,,,,,,,,,,,,,,,,,,,,,,,,,,,,,,
22,05-06-22,,,,,97,,,78,108,112,,,67,,,,,,76,,,92,,73,137,129,,,,,,,,,,,,,,,,,,,,,,,,,,,,,,,,,,,
23,12-06-22,,,,,97,,,78,106,113,,,67,,,,,,72,,,83,,,134,139,,,,,,,,,,,,,,,,,,,,,,,,,,,,,,,,,,,
24,19-06-22,,,,,97,,,79,102,115,,,68,,,,,,76,,,83,,68,134,,,,,,,,,,,,,,,,,,,,,,,,,,,,,,,,,,,,
25,26-06-22,,,,,97,,,82,104,94,,,52,,,,,,72,,,83,,66,123,,,,,,,,,,,,,,,,,,,,,,,,,,,,,,,,,,,,
26,03-07-22,,,,,97,,,80,102,117,,,46,,,,,,71,,,83,,64,123,130,,,,,,,,,,,,,,,,,,,,,,,,,,,,,,,,,,,
27,10-07-22,,,,,97,,,77,97,110,,,40,,,,,,70,,,83,,,123,136,,,,,,,,,,,,,,,,,,,,,,,,,,,,,,,,,,,
28,17-07-22,,,,,97,,,74,96,110,,,75,,,,,,70,,,83,,,123,,,,,,,,,,,,,,,,,,,,,,,,,,,,,,,,,,,,
29,24-07-22,,,,,97,,,87,95,109,,,47,,,,,,70,,,83,,,125,,,,,,,,,,,,,,,,,,,,,,,,,,,,,,,,,,,,
30,31-07-22,,,,,97,,,81,94,110,,,58,,,,,,70,,,83,,,115,134,,,,,,,,,,,,,,,,,,,,,,,,,,,,,,,,,,,
31,07-08-22,,,,,97,,,76,94,98,,,58,,,,,,89,,,83,,,132,139,,,,,,,,,,,,,,,,,,,,,,,,,,,,,,,,,,,
32,14-08-22,,,,,97,,,80,95,116,,,58,,,,,,89,,,83,,,132,135,,,,,,,,,,,,,,,,,,,,,,,,,,,,,,,,,,,
33,21-08-22,,,,,97,,,77,95,106,,,74,,,,,,97,,,83,,90,133,140,,,,,,,,,,,,,,,,,,,,,,,,,,,,,,,,,,,
34,28-08-22,,,,,100,,,77,96,115,,,76,,,,,,100,,,83,,91,134,,,,,,,,,,,,,,,,,,,,,,,,,,,,,,,,,,,,
35,04-09-22,,,,,100,,,77,104,121,,,89,,,,,,100,,,83,,94,116,132,,,,,,,,,,,,,,,,,,,,,,,,,,,,,,,,,,,
36,11-09-22,,,,,100,,,88,106,120,,,79,,,,,,105,,,83,,,109,132,,,,,,,,,,,,,,,,,,,,,,,,,,,,,,,,,,,
37,18-09-22,,,,,100,,,89,107,120,,,79,,,,,,111,,,83,,,142,142,,,,,,,,,,,,,,,,,,,,,,,,,,,,,,,,,,,
38,25-09-22,,,,,100,,,93,110,120,,,,,,,,,102,,,83,,,142,,,,,,,,,,,,,,,,,,,,,,,,,,,,,,,,,,,,
39,02-10-22,,,,,106,,,93,109,120,,,,,,,,,102,,,93,,109,142,,,,,,,,,,,,,,,,,,,,,,,,,,,,,,,,,,,,
40,09-10-22,,,,,106,,,96,110,120,,,108,,,,,,102,,,98,,110,142,,,,,,,,,,,,,,,,,,,,,,,,,,,,,,,,,,,,
41,16-10-22,,,,,106,,,94,111,119,,,,,,,,,100,,,98,,,133,,,,,,,,,,,,,,,,,,,,,,,,,,,,,,,,,,,,
42,23-10-22,,,,,106,,,101,109,120,,,,,,,,,100,,102,98,,,133,,,,,,,,,,,,,,,,,,,,,,,,,,,,,,,,,,,,
43,30-10-22,,,,,105,,,100,109,120,,,,,,,,,90,,,103,,98,136,,,,,,,,,,,,,,,,,,,,,,,,,,,,,,,,,,,,
44,06-11-22,,,,,106,,,99,109,121,,,91,,,,,,83,,,105,,88,139,,,,,,,,,,,,,,,,,,,,,,,,,,,,,,,,,,,,
45,13-11-22,,,,,106,,,99,109,120,,,92,94,,,,,86,,,105,,88,119,,,,,,,,,,,,,,,,,,,,,,,,,,,,,,,,,,,,
46,20-11-22,,,,,106,,,97,109,119,,,95,95,,,,,86,,,98,,90,123,,,,,,,,,,,,,,,,,,,,,,,,,,,,,,,,,,,,
47,27-11-22,,,,,106,,,95,109,120,,,95,,,,,,100,,,98,,82,134,,,,,,,,,,,,,,,,,,,,,,,,,,,,,,,,,,,,
48,04-12-22,,,,,106,,,95,110,120,,,96,,,,,,109,,,86,,96,107,,,,,,,,,,,,,,,,,,,,,,,,,,,,,,,,,,,,
49,11-12-22,,,,,111,,,90,110,119,,,97,,,,,,111,,106,86,,108,126,,,,,,,,,,,,,,,,,,,,,,,,,,,,,,,,,,,,
50,18-12-22,,,,,111,,,84,111,114,,,99,,,,,,105,,,86,,102,142,,,,,,,,,,,,,,,,,,,,,,,,,,,,,,,,,,,,
51,25-12-22,,,,,116,,,90,111,106,,,97,,,,,,105,,,86,,102,128,,,,,,,,,,,,,,,,,,,,,,,,,,,,,,,,,,,,
52,01-01-23,,,,,,,,86,110,121,,,113,,,,,,95,,,86,,102,139,,,,,,,,,,,,,,,,,,,,,,,,,,,,,,,,,,,,
1,08-01-23,,,,,111,,,81,111,120,,,109,,,,,,100,,,86,,102,144,,,,,,,,,,,,,,,,,,,,,,,,,,,,,,,,,,,,
2,15-01-23,,,,,111,,,85,115,120,,,110,,,,,,108,,,85,,108,149,,,,,,,,,,,,,,,,,,,,,,,,,,,,,,,,,,,,
3,22-01-23,,,,,111,,,90,122,120,,,109,,,,,,111,,,85,,109,150,,,,,,,,,,,,,,,,,,,,,,,,,,,,,,,,,,,,
4,29-01-23,,,,,111,,,91,124,120,,,111,,,,,,112,,,86,,109,146,,,,,,,,,,,,,,,,,,,,,,,,,,,,,,,,,,,,
5,05-02-23,,,,,111,,,91,124,120,,,116,,,,,,113,,,88,,113,149,,,,,,,,,,,,,,,,,,,,,,,,,,,,,,,,,,,,
6,12-02-23,,,,,111,,,96,124,120,,,117,,,,,,116,,,85,,113,137,,,,,,,,,,,,,,,,,,,,,,,,,,,,,,,,,,,,
7,19-02-23,,,,,111,,,96,124,120,,,,,,,,,,,,88,,110,137,,,,,,,,,,,,,,,,,,,,,,,,,,,,,,,,,,,,
8,26-02-23,,,,,114,,,96,124,120,,,,,,,,,115,,,88,,,149,,,,,,,,,,,,,,,,,,,,,,,,,,,,,,,,,,,,
9,05-03-23,,,,,114,,,93,124,123,,,,,,,,,,,,88,,112,148,,,,,,,,,,,,,,,,,,,,,,,,,,,,,,,,,,,,
10,12-03-23,,,,,114,,,95,125,128,,,,,,,,,,,,92,,,149,,,,,,,,,,,,,,,,,,,,,,,,,,,,,,,,,,,,
11,19-03-23,,,,,114,,,96,124,128,,,,,,,,,,,,92,,104,149,,,,,,,,,,,,,,,,,,,,,,,,,,,,,,,,,,,,
12,26-03-23,,,,,114,,,93,125,106,,,94,,,,,,96,,,92,,,149,,,,,,,,,,,,,,,,,,,,,,,,,,,,,,,,,,,,
13,02-04-23,,,,,114,,,92,125,128,,,,,,,,,85,,,89,,,126,,,,,,,,,,,,,,,,,,,,,,,,,,,,,,,,,,,,
14,09-04-23,,,,,114,,,91,126,128,,,,,,,,,80,,,89,,,127,,,,,,,,,,,,,,0.00307260101727161,,,0.00170712700183247,0.248016066224837,0.00746340980385393,,,,,,,,0.000949455187500015,,,0.00313845345559142,,,0.000695675694800648,,,
15,16-04-23,,,,,114,,,92,126,128,,,,,,,,,78,,,89,,,,,,,,,,,,,,,,,,,,,,,,,,,,,,,,,,,,,,,
16,23-04-23,,,,,114,,,89,126,128,,,79,,,,,,78,,,89,,,142,,,,,,,,,,,,,,,,,,,,,,,,,,,,,,,,,,,,
17,30-04-23,,,,,114,,,88,127,106,,,81,,,,,,72,,,89,,,136,,,,,,,,,,,,,,,,,,,,,,,,,,,,,,,,,,,,
18,07-05-23,,,,,114,,,89,126,106,,,80,,,,,,61,,,89,,,136,,,,,,,,,,,,,,,,,,,,,,,,,,,,,,,,,,,,
19,14-05-23,,,,,114,,,90,126,106,,,78,,,,,,66,,,85,,,149,,,,,,,,,,,,,,,,,,,,,,,,,,,,,,,,,,,,
20,21-05-23,,,,,114,,,86,126,127,,,78,,,,,,64,,,85,,84,150,,,,,,,,,,,,,,,,,,,,,,,,,,,,,,,,,,,,
21,28-05-23,,,,,114,,,87,126,128,,,78,,,,,,66,,,85,,,115,,,,,,,,,,,,,,,,,,,,,,,,,,,,,,,,,,,,
